wave_num,S31,S32,S34,S35,S36,S37,S38,S39,S41,S42,S45,S48,S49,S50,S52,S54,S55,S57,S58,S62,S64,S69,S70
3.992785179,1.704648333,1.752935,1.211473333,1.285861667,1.850216667,1.597505,1.545105,1.386561667,1.26173,1.517021667,1.404443333,1.930528333,1.277226667,1.133511667,1.439386667,1.892228333,2.062736667,1.630826667,1.733358333,1.408428333,1.593855,2.214213333,1.453756667
3.978318632,1.714035,1.76935,1.200731667,1.274341667,1.868238333,1.583113333,1.52923,1.385121667,1.251311667,1.493256667,1.392213333,1.885413333,1.285223333,1.129956667,1.44327,1.892585,2.049281667,1.627193333,1.736486667,1.422446667,1.621021667,2.248995,1.459425
3.963852085,1.715101667,1.7515,1.194021667,1.270363333,1.951058333,1.568321667,1.507845,1.380675,1.237965,1.485248333,1.372886667,1.895576667,1.282341667,1.123916667,1.43561,1.910285,2.039941667,1.62847,1.697398333,1.433736667,1.634698333,2.269635,1.455441667
3.949385239,1.718503333,1.708821667,1.186978333,1.263656667,2.018906667,1.56053,1.491028333,1.381028333,1.223343333,1.47674,1.356516667,1.952948333,1.276668333,1.11583,1.427278333,1.904663333,2.010448333,1.645653333,1.65697,1.429423333,1.631678333,2.244235,1.444196667
3.934918692,1.73319,1.683231667,1.178538333,1.241558333,1.979665,1.538148333,1.482548333,1.380875,1.211018333,1.458563333,1.346851667,1.989733333,1.27221,1.104243333,1.40645,1.903553333,2.019731667,1.65766,1.643866667,1.405668333,1.613865,2.223661667,1.434
3.920452145,1.7298,1.69178,1.174375,1.219301667,1.977875,1.506208333,1.483513333,1.358098333,1.199293333,1.443655,1.33188,2.011256667,1.262085,1.093478333,1.362158333,1.911613333,2.034743333,1.636966667,1.637836667,1.374011667,1.577548333,2.320855,1.42953
3.905985599,1.706133333,1.715363333,1.170058333,1.21076,2.001613333,1.497408333,1.482086667,1.317763333,1.18127,1.435263333,1.315556667,2.044188333,1.24372,1.082456667,1.306071667,1.904855,2.028345,1.580868333,1.623691667,1.345676667,1.52368,2.465283333,1.416046667
3.891519052,1.695651667,1.717696667,1.159173333,1.207378333,2.02832,1.514595,1.479056667,1.286296667,1.160663333,1.429803333,1.301773333,2.102823333,1.223748333,1.06334,1.249775,1.879638333,2.07529,1.52691,1.615795,1.320353333,1.475998333,2.37432,1.387515
3.877052205,1.716091667,1.691046667,1.145513333,1.187356667,2.06571,1.517076667,1.479931667,1.26464,1.145621667,1.422028333,1.28762,2.112241667,1.202998333,1.040058333,1.191756667,1.852878333,2.131268333,1.489793333,1.610376667,1.290126667,1.44648,2.32594,1.355128333
3.862585659,1.743546667,1.66596,1.1358,1.16365,2.04981,1.496428333,1.46885,1.238526667,1.132331667,1.403425,1.278895,2.097245,1.175836667,1.019563333,1.131208333,1.856098333,2.248798333,1.459828333,1.593893333,1.25096,1.424213333,2.25871,1.322025
3.848119112,1.733551667,1.670553333,1.133193333,1.150621667,2.09455,1.478211667,1.430688333,1.21264,1.112946667,1.381905,1.269746667,2.179248333,1.144171667,0.999675,1.075571667,1.88657,2.113586667,1.431253333,1.566235,1.213325,1.391301667,2.364235,1.28774
3.833652565,1.716203333,1.68878,1.133871667,1.150831667,2.07703,1.464173333,1.397043333,1.191193333,1.089351667,1.372528333,1.25582,2.15459,1.111761667,0.978036667,1.030186667,1.942491667,2.026036667,1.400853333,1.534238333,1.18138,1.345308333,2.375278333,1.253498333
3.819185719,1.715953333,1.692528333,1.128676667,1.150018333,1.981411667,1.456311667,1.381183333,1.169508333,1.073711667,1.374996667,1.243335,2.076238333,1.080985,0.958018333,0.990791667,1.975818333,2.064931667,1.36434,1.514006667,1.148821667,1.295923333,2.394553333,1.217251667
3.804719172,1.73945,1.682273333,1.120088333,1.128663333,1.980771667,1.450433333,1.365871667,1.147995,1.072555,1.378005,1.2331,2.041905,1.055841667,0.942353333,0.953248333,1.958758333,2.184276667,1.325436667,1.510863333,1.117466667,1.25312,2.346986667,1.177935
3.790252625,1.792008333,1.670223333,1.11262,1.102333333,1.954988333,1.43096,1.349541667,1.129481667,1.07139,1.368088333,1.217431667,1.981346667,1.030733333,0.927176667,0.91796,1.947076667,2.225908333,1.295216667,1.517576667,1.091386667,1.216238333,2.232388333,1.141951667
3.775786079,1.83855,1.660575,1.100421667,1.089516667,1.917108333,1.407653333,1.3407,1.111663333,1.060216667,1.346878333,1.199835,1.953358333,1.000035,0.913046667,0.88589,1.938795,2.233805,1.27728,1.523203333,1.068935,1.180723333,2.215006667,1.114998333
3.761319532,1.834495,1.656191667,1.085976667,1.088916667,1.885213333,1.396583333,1.336753333,1.09332,1.048426667,1.328465,1.1892,1.952225,0.970968333,0.901666667,0.856678333,1.935778333,2.212766667,1.259365,1.510405,1.04906,1.148961667,2.22111,1.094815
3.746852685,1.810751667,1.65016,1.07611,1.07888,1.834466667,1.388108333,1.338078333,1.075621667,1.038465,1.319821667,1.183705,1.927705,0.950816667,0.891968333,0.82821,1.898728333,2.09704,1.23006,1.489831667,1.029176667,1.11935,2.268481667,1.076138333
3.732386139,1.811058333,1.640875,1.06669,1.05818,1.806101667,1.366223333,1.342141667,1.057635,1.024683333,1.313145,1.176148333,1.908505,0.937273333,0.883526667,0.798643333,1.879565,2.044996667,1.195908333,1.483203333,1.007371667,1.088095,2.417896667,1.052858333
3.717919592,1.804151667,1.626561667,1.056655,1.040823333,1.766413333,1.340891667,1.340543333,1.03646,1.014276667,1.301275,1.161165,1.902043333,0.926196667,0.873725,0.769931667,1.902998333,2.036278333,1.167186667,1.490246667,0.983253333,1.058741667,2.405861667,1.02725
3.703453045,1.762353333,1.615316667,1.054875,1.031668333,1.764041667,1.328291667,1.342318333,1.013403333,1.011495,1.28578,1.142136667,1.867368333,0.91128,0.859185,0.745915,1.921381667,2.130871667,1.143466667,1.494676667,0.957883333,1.034421667,2.403333333,1.007348333
3.688986199,1.733561667,1.621026667,1.059053333,1.018306667,1.76025,1.32682,1.348241667,0.99515,1.004708333,1.276941667,1.125555,1.83251,0.890673333,0.843643333,0.724848333,1.906428333,2.164566667,1.120418333,1.488625,0.936015,1.010043333,2.335103333,0.989901667
3.674519652,1.711668333,1.625543333,1.057375,1.002035,1.740908333,1.323316667,1.336363333,0.980975,0.992098333,1.271078333,1.116788333,1.810195,0.871495,0.83361,0.70083,1.885815,2.165016667,1.097478333,1.472681667,0.917463333,0.981048333,2.322506667,0.96706
3.660053105,1.692255,1.619333333,1.048738333,0.994925,1.720145,1.31377,1.315743333,0.965338333,0.985155,1.258883333,1.114911667,1.784186667,0.853505,0.82872,0.674383333,1.890155,2.168956667,1.07506,1.45753,0.899061667,0.954596667,2.26969,0.94478
3.645586559,1.672531667,1.606425,1.041243333,0.994718333,1.743006667,1.301345,1.308285,0.950681667,0.984266667,1.245605,1.111558333,1.753471667,0.834645,0.823455,0.651328333,1.913191667,2.126866667,1.052378333,1.458631667,0.883738333,0.936305,2.199458333,0.928346667
3.631120012,1.68739,1.59957,1.035756667,0.989828333,1.780673333,1.286786667,1.303895,0.93888,0.978788333,1.233975,1.100891667,1.746436667,0.817485,0.814233333,0.631866667,1.890075,2.088381667,1.030675,1.465743333,0.873811667,0.91873,2.240768333,0.911961667
3.616653165,1.712738333,1.610376667,1.028403333,0.980481667,1.735395,1.27291,1.280325,0.925106667,0.96427,1.227226667,1.087963333,1.742488333,0.800486667,0.804721667,0.613385,1.874623333,2.093313333,1.011016667,1.448251667,0.864513333,0.896013333,2.197268333,0.894671667
3.602186619,1.715211667,1.616725,1.018655,0.96889,1.66499,1.266758333,1.246735,0.90773,0.947243333,1.225065,1.07635,1.72751,0.783586667,0.797018333,0.596446667,1.85254,2.089728333,0.994143333,1.419673333,0.849408333,0.872716667,2.110596667,0.879108333
3.587720072,1.70414,1.594403333,1.011996667,0.955401667,1.632456667,1.267566667,1.22986,0.893833333,0.932098333,1.217665,1.061013333,1.709665,0.770355,0.787023333,0.580428333,1.87333,2.14416,0.979263333,1.404061667,0.82797,0.853268333,2.156008333,0.86109
3.573253525,1.711665,1.57215,1.010228333,0.942085,1.639696667,1.26524,1.224911667,0.88345,0.920588333,1.201855,1.042588333,1.678305,0.759126667,0.773605,0.563678333,1.886038333,2.079748333,0.961665,1.396536667,0.807276667,0.835913333,2.300041667,0.838876667
3.558786679,1.719633333,1.561401667,1.002733333,0.93188,1.65835,1.255953333,1.212886667,0.869343333,0.914153333,1.186898333,1.029265,1.63557,0.746455,0.762056667,0.546818333,1.862115,2.033486667,0.93989,1.394323333,0.791688333,0.818561667,2.259606667,0.81853
3.544320132,1.70445,1.557651667,0.987121667,0.924845,1.634383333,1.241953333,1.19725,0.854993333,0.908736667,1.178215,1.021196667,1.615925,0.733781667,0.754455,0.531075,1.822986667,2.056245,0.920138333,1.396808333,0.77588,0.803688333,2.27121,0.804168333
3.529853585,1.670688333,1.557021667,0.974408333,0.918573333,1.584763333,1.22661,1.186141667,0.843806667,0.896695,1.173906667,1.017328333,1.63656,0.721236667,0.746068333,0.517176667,1.82976,2.070178333,0.905551667,1.393293333,0.758623333,0.79138,2.350215,0.792186667
3.515387039,1.633166667,1.553405,0.969176667,0.909525,1.555813333,1.214668333,1.174615,0.829463333,0.877398333,1.171586667,1.014245,1.649376667,0.707925,0.733185,0.504775,1.857971667,2.018718333,0.891565,1.379173333,0.745508333,0.777023333,2.335696667,0.778975
3.500920492,1.606335,1.552451667,0.96865,0.894951667,1.550618333,1.204165,1.159563333,0.812245,0.859825,1.166056667,1.001973333,1.626378333,0.695043333,0.718396667,0.492996667,1.867531667,2.038436667,0.875913333,1.356241667,0.735341667,0.759605,2.270211667,0.765196667
3.486453645,1.614268333,1.545788333,0.969315,0.880773333,1.536776667,1.192786667,1.15017,0.801721667,0.848513333,1.155533333,0.983421667,1.584635,0.682163333,0.70618,0.48223,1.868778333,2.032368333,0.862023333,1.336145,0.723595,0.744008333,2.330588333,0.752621667
3.471987099,1.635893333,1.528905,0.966151667,0.873778333,1.513085,1.18385,1.143353333,0.797073333,0.840065,1.148195,0.970138333,1.554111667,0.668948333,0.697261667,0.472943333,1.865226667,2.080736667,0.851203333,1.326505,0.711256667,0.73258,2.396456667,0.742696667
3.457520552,1.64288,1.509203333,0.959146667,0.871146667,1.51075,1.17588,1.129353333,0.787955,0.832423333,1.145831667,0.964685,1.550475,0.656226667,0.690443333,0.464431667,1.841186667,2.083485,0.840661667,1.31856,0.699958333,0.722128333,2.40804,0.734996667
3.443054005,1.622071667,1.493328333,0.95282,0.860508333,1.504113333,1.167708333,1.110171667,0.774465,0.826898333,1.14346,0.959898333,1.564971667,0.643953333,0.683696667,0.455715,1.791406667,2.06653,0.829375,1.317596667,0.690306667,0.709626667,2.41472,0.727585
3.428587159,1.595503333,1.473841667,0.948608333,0.84831,1.483993333,1.161353333,1.09701,0.763101667,0.821848333,1.135541667,0.952201667,1.582281667,0.631331667,0.676343333,0.445935,1.763601667,1.944865,0.818196667,1.326171667,0.681698333,0.695473333,2.202483333,0.717603333
3.414120612,1.58316,1.45418,0.941906667,0.844045,1.471705,1.151768333,1.087895,0.752583333,0.813925,1.118418333,0.944588333,1.591348333,0.620403333,0.670133333,0.435478333,1.753175,1.95873,0.805856667,1.324325,0.672165,0.681611667,2.083886667,0.703846667
3.399654065,1.56944,1.449606667,0.930071667,0.845261667,1.457505,1.143366667,1.074371667,0.740586667,0.80362,1.106651667,0.939866667,1.563238333,0.612541667,0.663643333,0.425723333,1.74984,1.979301667,0.792288333,1.311903333,0.662843333,0.669093333,2.103848333,0.689713333
3.385187519,1.541108333,1.457745,0.919523333,0.841086667,1.436456667,1.142556667,1.056098333,0.730748333,0.793303333,1.104836667,0.937086667,1.532165,0.604186667,0.655476667,0.417055,1.762921667,1.96858,0.781201667,1.298838333,0.654935,0.65808,2.228208333,0.679666667
3.370720972,1.50456,1.462386667,0.915715,0.827348333,1.436443333,1.141421667,1.047151667,0.726275,0.78683,1.098373333,0.9332,1.526958333,0.593931667,0.64771,0.408986667,1.801546667,1.918053333,0.77278,1.291043333,0.645553333,0.64953,2.139686667,0.672948333
3.356254125,1.467833333,1.461181667,0.915456667,0.811071667,1.453593333,1.132256667,1.052991667,0.722955,0.78542,1.08578,0.924571667,1.532395,0.585146667,0.641511667,0.401688333,1.811313333,1.912806667,0.764241667,1.291848333,0.633593333,0.641628333,2.043348333,0.663731667
3.341787579,1.435313333,1.465395,0.911975,0.803046667,1.450985,1.121425,1.058936667,0.715106667,0.783756667,1.08048,0.909596667,1.520081667,0.579985,0.63579,0.3959,1.75709,1.899033333,0.757213333,1.292068333,0.622673333,0.630408333,2.056543333,0.652526667
3.327321032,1.410895,1.476851667,0.904553333,0.801778333,1.43459,1.115101667,1.05165,0.703741667,0.777766667,1.08198,0.895533333,1.491541667,0.57712,0.629768333,0.391185,1.69017,1.874758333,0.752403333,1.281215,0.616525,0.618146667,2.090255,0.644628333
3.312854485,1.3982,1.48244,0.901515,0.798271667,1.430756667,1.110856667,1.042158333,0.694013333,0.766963333,1.076368333,0.889058333,1.48141,0.573406667,0.62242,0.386126667,1.668226667,1.914286667,0.744928333,1.268138333,0.613828333,0.609283333,2.143378333,0.63704
3.298387639,1.391691667,1.473593333,0.904543333,0.794513333,1.435091667,1.102995,1.041203333,0.686768333,0.755543333,1.062363333,0.888673333,1.482793333,0.566366667,0.615353333,0.38069,1.666056667,1.800236667,0.734275,1.266168333,0.609435,0.602493333,2.100071667,0.625536667
3.283921092,1.385558333,1.452151667,0.905365,0.793031667,1.416911667,1.091021667,1.042328333,0.680363333,0.749043333,1.053111667,0.890503333,1.484393333,0.558835,0.611695,0.37612,1.650855,1.786315,0.724975,1.272,0.602061667,0.595641667,2.052023333,0.614088333
3.269454545,1.375313333,1.438808333,0.902138333,0.78836,1.391543333,1.0822,1.036298333,0.675861667,0.74844,1.054153333,0.890565,1.499151667,0.555405,0.610255,0.3721,1.622231667,1.81424,0.717003333,1.274103333,0.594738333,0.589573333,2.03413,0.606773333
3.254987999,1.348013333,1.444435,0.89987,0.778895,1.391818333,1.080251667,1.025535,0.671793333,0.748275,1.057435,0.889011667,1.517066667,0.552748333,0.607441667,0.367036667,1.592001667,1.839258333,0.707051667,1.275106667,0.5878,0.584418333,1.988848333,0.602795
3.240521452,1.31759,1.446333333,0.89831,0.771541667,1.387371667,1.08333,1.015828333,0.664763333,0.74375,1.058168333,0.889593333,1.511183333,0.545376667,0.603021667,0.361726667,1.584455,1.882153333,0.694848333,1.279503333,0.580141667,0.577856667,1.956578333,0.599113333
3.226054605,1.308296667,1.42195,0.894185,0.76954,1.367201667,1.087718333,1.01285,0.658276667,0.73879,1.05616,0.886791667,1.495561667,0.534215,0.599118333,0.357756667,1.581735,1.929928333,0.684725,1.28065,0.572485,0.569153333,1.996015,0.594018333
3.211588059,1.303663333,1.382606667,0.887595,0.77133,1.332688333,1.091415,1.01691,0.6551,0.739238333,1.05363,0.87627,1.483685,0.525116667,0.595336667,0.35427,1.576225,1.851905,0.679218333,1.269795,0.564936667,0.561761667,2.021761667,0.586598333
3.197121512,1.283593333,1.365403333,0.883311667,0.77352,1.300926667,1.094735,1.02278,0.650341667,0.743615,1.05536,0.869681667,1.465686667,0.51959,0.591353333,0.349943333,1.575611667,1.76435,0.675638333,1.256503333,0.556825,0.557373333,1.978383333,0.576648333
3.182654965,1.261843333,1.381756667,0.884721667,0.774925,1.28977,1.098131667,1.027951667,0.6436,0.750308333,1.057151667,0.87452,1.440188333,0.514991667,0.589108333,0.345518333,1.571806667,1.707255,0.670395,1.252521667,0.54972,0.552601667,1.903765,0.567933333
3.168188119,1.250648333,1.40057,0.890623333,0.776585,1.297146667,1.099391667,1.035435,0.640713333,0.757521667,1.052266667,0.882896667,1.423391667,0.510211667,0.588333333,0.342788333,1.563996667,1.667836667,0.663786667,1.25821,0.544885,0.545106667,1.826403333,0.563816667
3.153721572,1.240683333,1.397655,0.896293333,0.77848,1.313655,1.094906667,1.03803,0.641865,0.760443333,1.045263333,0.885593333,1.435693333,0.504453333,0.587611667,0.342065,1.558693333,1.659735,0.659253333,1.26529,0.540586667,0.537048333,1.819401667,0.561906667
3.139255026,1.227476667,1.382,0.894891667,0.778105,1.303315,1.092815,1.041058333,0.642433333,0.761228333,1.041938333,0.88481,1.453585,0.499275,0.58732,0.342831667,1.549631667,1.69078,0.657621667,1.268783333,0.535718333,0.531531667,1.790666667,0.558606667
3.124788479,1.228821667,1.364198333,0.889415,0.782673333,1.268175,1.10347,1.060418333,0.641915,0.767861667,1.043016667,0.888476667,1.442683333,0.496665,0.587628333,0.345021667,1.548708333,1.711536667,0.65636,1.275888333,0.531376667,0.529386667,1.822241667,0.55378
3.110321932,1.244483333,1.354006667,0.890388333,0.800006667,1.245801667,1.11978,1.082831667,0.643638333,0.78148,1.042005,0.89781,1.411826667,0.495583333,0.587628333,0.34751,1.541013333,1.684801667,0.654051667,1.288916667,0.528395,0.52825,1.820948333,0.549991667
3.095855086,1.24651,1.364281667,0.899281667,0.822653333,1.247253333,1.128678333,1.08198,0.64834,0.799508333,1.037206667,0.908363333,1.388035,0.496086667,0.58786,0.349436667,1.502095,1.656655,0.650733333,1.301133333,0.528046667,0.525551667,1.82843,0.548583333
3.081388539,1.232845,1.383318333,0.911051667,0.833283333,1.242855,1.134243333,1.079025,0.65232,0.817278333,1.035163333,0.920066667,1.384371667,0.499858333,0.590885,0.352616667,1.47007,1.6723,0.649098333,1.307958333,0.53022,0.524105,1.825811667,0.549251667
3.066921992,1.230363333,1.384093333,0.919491667,0.836913333,1.226276667,1.147708333,1.093748333,0.654368333,0.832088333,1.038751667,0.935133333,1.397596667,0.505865,0.597111667,0.358395,1.469851667,1.674901667,0.651283333,1.31822,0.53243,0.527851667,1.825353333,0.552935
3.052455446,1.234605,1.370321667,0.922316667,0.847505,1.225483333,1.16566,1.114818333,0.65499,0.849455,1.050165,0.953633333,1.403358333,0.511318333,0.606306667,0.365835,1.483021667,1.635831667,0.657221667,1.336076667,0.534758333,0.535541667,1.781361667,0.558203333
3.037988899,1.229811667,1.36455,0.92794,0.867501667,1.233555,1.182528333,1.134128333,0.658636667,0.875538333,1.070116667,0.975951667,1.395826667,0.518563333,0.617673333,0.375983333,1.490036667,1.586766667,0.667096667,1.34794,0.538405,0.545481667,1.746086667,0.562621667
3.023522052,1.228716667,1.368775,0.94174,0.885881667,1.239468333,1.200283333,1.156911667,0.67191,0.904523333,1.092831667,0.999675,1.401465,0.52944,0.628518333,0.390551667,1.49362,1.562846667,0.677918333,1.34525,0.543253333,0.557428333,1.732988333,0.569535
3.009055506,1.241078333,1.374325,0.960221667,0.899168333,1.242205,1.21119,1.171365,0.689333333,0.922768333,1.109271667,1.018671667,1.403358333,0.543021667,0.638491667,0.407895,1.489416667,1.57984,0.688565,1.343575,0.551971667,0.57026,1.7249,0.581943333
2.994588959,1.246106667,1.378205,0.980926667,0.914381667,1.226558333,1.217786667,1.171545,0.701843333,0.925816667,1.117736667,1.032195,1.392786667,0.557588333,0.648883333,0.426566667,1.489686667,1.625738333,0.702601667,1.351216667,0.566398333,0.58451,1.707566667,0.595553333
2.980122412,1.234783333,1.38068,0.994806667,0.92548,1.202195,1.233983333,1.176868333,0.710586667,0.922366667,1.122676667,1.040316667,1.392158333,0.57032,0.659235,0.446156667,1.503883333,1.652395,0.71767,1.365275,0.582141667,0.601706667,1.68679,0.606938333
2.965655566,1.22185,1.370353333,0.992956667,0.917751667,1.195841667,1.247255,1.195223333,0.720505,0.922351667,1.121711667,1.040521667,1.411938333,0.581686667,0.664955,0.462621667,1.498638333,1.618935,0.728106667,1.381576667,0.594948333,0.619773333,1.67134,0.620146667
2.951189019,1.220711667,1.348716667,0.980013333,0.893931667,1.210386667,1.235808333,1.208045,0.731013333,0.92384,1.10907,1.030423333,1.418208333,0.592178333,0.664705,0.47239,1.474438333,1.621443333,0.73639,1.382681667,0.605538333,0.63312,1.67896,0.636298333
2.936722472,1.223506667,1.345326667,0.965733333,0.875693333,1.213178333,1.209903333,1.193946667,0.733895,0.91923,1.089396667,1.008835,1.381115,0.597848333,0.66436,0.478315,1.466983333,1.658596667,0.74678,1.36591,0.613878333,0.639186667,1.704336667,0.647435
2.922255926,1.210945,1.366266667,0.959321667,0.863341667,1.186895,1.193048333,1.16388,0.725431667,0.90279,1.070453333,0.985051667,1.332528333,0.596003333,0.664411667,0.48284,1.471921667,1.661816667,0.7536,1.337505,0.61731,0.641618333,1.724636667,0.648123333
2.907789379,1.196135,1.376838333,0.957021667,0.84773,1.148055,1.188683333,1.141333333,0.716601667,0.876835,1.051395,0.972561667,1.311001667,0.59363,0.659625,0.48378,1.475896667,1.619768333,0.75308,1.311796667,0.616088333,0.643066667,1.71904,0.643883333
2.893322532,1.190145,1.365213333,0.946848333,0.825575,1.127911667,1.177326667,1.126701667,0.713821667,0.85194,1.028611667,0.96261,1.317445,0.594576667,0.649231667,0.480745,1.478371667,1.54879,0.750798333,1.304045,0.6146,0.642298333,1.693495,0.642833333
2.878855986,1.178998333,1.351336667,0.934275,0.806216667,1.127501667,1.152816667,1.105871667,0.709171667,0.829886667,1.007348333,0.941836667,1.332728333,0.594301667,0.638355,0.47636,1.468223333,1.499303333,0.749075,1.304948333,0.614316667,0.639325,1.655541667,0.644968333
2.864389439,1.165455,1.345228333,0.930341667,0.792746667,1.119338333,1.124738333,1.081906667,0.698525,0.807726667,0.996038333,0.920916667,1.331183333,0.592223333,0.632065,0.471576667,1.444615,1.489293333,0.746018333,1.29465,0.613053333,0.635316667,1.637715,0.644016667
2.849922892,1.162688333,1.344786667,0.927376667,0.781756667,1.10131,1.0992,1.066271667,0.68855,0.790386667,0.989721667,0.9046,1.303566667,0.589465,0.628403333,0.464838333,1.425125,1.511865,0.741173333,1.27218,0.608523333,0.630051667,1.641573333,0.637488333
2.835456046,1.163626667,1.338491667,0.917308333,0.766243333,1.082695,1.07744,1.05816,0.684336667,0.778335,0.980556667,0.886341667,1.273885,0.584791667,0.62407,0.456355,1.407446667,1.551065,0.734878333,1.24485,0.601998333,0.62286,1.641533333,0.629936667
2.820989499,1.151865,1.322478333,0.906608333,0.746863333,1.072921667,1.063355,1.038448333,0.683196667,0.765005,0.968105,0.869218333,1.267608333,0.578303333,0.618735,0.448326667,1.38707,1.57312,0.72912,1.216625,0.597823333,0.613198333,1.621733333,0.62496
2.806522952,1.131293333,1.305125,0.897636667,0.732043333,1.066098333,1.059285,1.009586667,0.679383333,0.748751667,0.954803333,0.857221667,1.270155,0.571226667,0.611661667,0.440535,1.384918333,1.587578333,0.722535,1.208565,0.595385,0.603735,1.582481667,0.621103333
2.792056406,1.113253333,1.30745,0.881388333,0.724475,1.044096667,1.063696667,0.98786,0.669535,0.731676667,0.945176667,0.84399,1.256108333,0.563823333,0.604418333,0.43026,1.399696667,1.565035,0.712021667,1.219968333,0.591498333,0.598766667,1.548746667,0.617041667
2.777589859,1.099193333,1.331065,0.858881667,0.717675,1.022548333,1.066643333,0.976506667,0.654445,0.715761667,0.935838333,0.826753333,1.242313333,0.556926667,0.596693333,0.418025,1.40612,1.501746667,0.701995,1.21919,0.586276667,0.596143333,1.52024,0.612888333
2.763123012,1.085598333,1.352451667,0.843355,0.704413333,1.01377,1.051196667,0.970168333,0.640948333,0.701876667,0.92443,0.812083333,1.229178333,0.550446667,0.5881,0.407715,1.397005,1.443023333,0.698543333,1.204155,0.580791667,0.590346667,1.491243333,0.607956667
2.748656466,1.07698,1.349851667,0.838605,0.68509,1.012363333,1.019143333,0.964178333,0.632085,0.689408333,0.917868333,0.801165,1.206038333,0.542841667,0.580646667,0.399635,1.382008333,1.429738333,0.696141667,1.197978333,0.574596667,0.583143333,1.473628333,0.602366667
2.734189919,1.06976,1.324398333,0.837731667,0.669011667,0.996423333,0.99393,0.957458333,0.621673333,0.675911667,0.911938333,0.79226,1.195145,0.53503,0.574515,0.391513333,1.374091667,1.46399,0.685088333,1.19513,0.567395,0.578366667,1.472321667,0.597201667
2.719723372,1.053578333,1.30825,0.837013333,0.658578333,0.969305,0.981896667,0.945153333,0.609676667,0.661271667,0.901091667,0.785781667,1.196815,0.527035,0.5674,0.383183333,1.37596,1.50249,0.668563333,1.183165,0.560121667,0.573098333,1.484171667,0.590568333
2.705256526,1.031065,1.31525,0.835933333,0.648218333,0.95186,0.968331667,0.924751667,0.601288333,0.648868333,0.890865,0.778936667,1.181453333,0.51915,0.557011667,0.374903333,1.38593,1.49497,0.655038333,1.163473333,0.553531667,0.562456667,1.500493333,0.581288333
2.690789979,1.017523333,1.316188333,0.83253,0.636696667,0.950916667,0.951426667,0.906621667,0.595876667,0.63819,0.883453333,0.766836667,1.154818333,0.511516667,0.54594,0.366395,1.40093,1.476616667,0.64772,1.140686667,0.547073333,0.547648333,1.48795,0.572318333
2.676323432,1.014948333,1.299841667,0.82567,0.628171667,0.953406667,0.93885,0.891328333,0.587846667,0.627146667,0.873403333,0.75107,1.148526667,0.502645,0.535675,0.357651667,1.410901667,1.495611667,0.644378333,1.120586667,0.538501667,0.534661667,1.439308333,0.562238333
2.661856886,1.010488333,1.282993333,0.818123333,0.62189,0.93784,0.928206667,0.875103333,0.574638333,0.616883333,0.8564,0.738313333,1.166995,0.492858333,0.527323333,0.34968,1.396008333,1.505785,0.638193333,1.100221667,0.526211667,0.525756667,1.39746,0.549273333
2.647390339,0.99807,1.278156667,0.809048333,0.610696667,0.915668333,0.917528333,0.85949,0.56308,0.606886667,0.837606667,0.729343333,1.18217,0.484406667,0.52123,0.343671667,1.358903333,1.446333333,0.629,1.082023333,0.512361667,0.517263333,1.379055,0.537821667
2.632923492,0.989343333,1.284071667,0.79495,0.593693333,0.909378333,0.903415,0.841015,0.558013333,0.593888333,0.823488333,0.721011667,1.166376667,0.478071667,0.51312,0.339826667,1.335063333,1.402173333,0.623408333,1.07438,0.501833333,0.508028333,1.371498333,0.530161667
2.618456946,0.985761667,1.279075,0.778065,0.57751,0.911576667,0.884498333,0.823135,0.552961667,0.578905,0.813886667,0.712206667,1.136336667,0.472626667,0.502615,0.337263333,1.341011667,1.385095,0.618801667,1.069655,0.495996667,0.500286667,1.3563,0.523075
2.603990399,0.981071667,1.260426667,0.765948333,0.568365,0.900018333,0.871956667,0.816138333,0.545938333,0.567091667,0.803686667,0.701891667,1.118395,0.468806667,0.493471667,0.334283333,1.34747,1.377983333,0.610338333,1.058213333,0.490025,0.493205,1.343896667,0.513421667
2.589523852,0.982078333,1.255406667,0.7591,0.561435,0.879735,0.868191667,0.815431667,0.543106667,0.559998333,0.792073333,0.6904,1.116926667,0.465555,0.484488333,0.32972,1.333536667,1.364223333,0.59956,1.050706667,0.482235,0.486275,1.341865,0.504925
2.575057006,0.986455,1.251571667,0.753778333,0.55532,0.868168333,0.859966667,0.811168333,0.542285,0.554375,0.785651667,0.677371667,1.11586,0.461126667,0.474635,0.324715,1.316515,1.374873333,0.587763333,1.054191667,0.478176667,0.480406667,1.34213,0.500863333
2.560590459,0.979171667,1.233648333,0.750353333,0.552306667,0.861695,0.844441667,0.806695,0.535753333,0.548071667,0.784388333,0.665151667,1.099931667,0.45537,0.467325,0.321415,1.310888333,1.397145,0.577566667,1.056361667,0.478001667,0.474766667,1.354545,0.498011667
2.546123912,0.95924,1.218313333,0.748958333,0.552051667,0.852426667,0.82604,0.799253333,0.523688333,0.539123333,0.780631667,0.65744,1.071471667,0.44782,0.465645,0.319158333,1.312506667,1.374803333,0.57268,1.045343333,0.474185,0.468818333,1.349416667,0.494506667
2.531657366,0.943745,1.208371667,0.742855,0.548511667,0.836675,0.809821667,0.780751667,0.512725,0.529015,0.776453333,0.653526667,1.043883333,0.441975,0.468398333,0.317448333,1.301875,1.347428333,0.570595,1.025941667,0.466725,0.464183333,1.318535,0.49307
2.517190819,0.935498333,1.204383333,0.72955,0.537076667,0.821036667,0.8001,0.763148333,0.510131667,0.52447,0.773365,0.652398333,1.0278,0.4413,0.47228,0.318538333,1.282875,1.331486667,0.5677,1.011625,0.462626667,0.464586667,1.304895,0.49444
2.502723972,0.925986667,1.20811,0.718736667,0.523503333,0.813261667,0.794475,0.753651667,0.516443333,0.52687,0.765531667,0.649003333,1.02069,0.44318,0.476425,0.321496667,1.258281667,1.28148,0.567001667,1.009085,0.461058333,0.468986667,1.311005,0.49587
2.488257426,0.91283,1.219613333,0.712908333,0.518245,0.81251,0.79002,0.7421,0.521823333,0.527955,0.753343333,0.63948,1.012221667,0.442633333,0.479625,0.324558333,1.239128333,1.274751667,0.571468333,1.004566667,0.461606667,0.473721667,1.303173333,0.497118333
2.473790879,0.909745,1.221368333,0.705625,0.519065,0.815165,0.789711667,0.723718333,0.5186,0.519011667,0.740375,0.630085,0.997991667,0.441338333,0.48008,0.33075,1.234371667,1.286365,0.578456667,0.988186667,0.46949,0.48219,1.27141,0.501671667
2.459324332,0.921185,1.202083333,0.699566667,0.51299,0.816991667,0.787321667,0.714481667,0.51282,0.505883333,0.728481667,0.624555,0.994761667,0.446616667,0.479595,0.343328333,1.22507,1.284288333,0.588436667,0.971785,0.485275,0.498876667,1.245806667,0.512533333
2.444857486,0.927738333,1.184451667,0.699861667,0.502521667,0.811025,0.773205,0.717928333,0.51551,0.498256667,0.718391667,0.61897,0.999586667,0.463468333,0.482213333,0.362001667,1.211706667,1.264213333,0.60365,0.957648333,0.505723333,0.521865,1.2447,0.529495
2.430390939,0.916206667,1.1833,0.697786667,0.497033333,0.795683333,0.755941667,0.71867,0.527373333,0.493325,0.70873,0.611295,0.996733333,0.488946667,0.488538333,0.386343333,1.210345,1.263456667,0.623083333,0.943933333,0.528166667,0.546683333,1.243728333,0.552111667
2.415924392,0.899843333,1.184878333,0.688483333,0.49562,0.783638333,0.747305,0.709225,0.541691667,0.4863,0.699881667,0.603795,0.991023333,0.51517,0.49574,0.415533333,1.210985,1.283446667,0.647013333,0.934283333,0.550906667,0.570528333,1.225126667,0.579595
2.401457846,0.8871,1.17089,0.681923333,0.492151667,0.775023333,0.743213333,0.69946,0.55487,0.47922,0.693526667,0.595875,0.98293,0.538291667,0.500458333,0.442181667,1.213566667,1.256583333,0.672301667,0.927786667,0.572238333,0.591586667,1.200531667,0.602946667
2.386991299,0.875266667,1.147926667,0.678945,0.484576667,0.763426667,0.736666667,0.692126667,0.561243333,0.474571667,0.689751667,0.586918333,0.965341667,0.543001667,0.50079,0.451161667,1.215708333,1.223578333,0.686475,0.91984,0.587225,0.60161,1.180003333,0.610615
2.372524452,0.866535,1.12666,0.670878333,0.475655,0.754655,0.730263333,0.68084,0.553118333,0.470836667,0.68584,0.580748333,0.945791667,0.518731667,0.494378333,0.433218333,1.21551,1.228338333,0.681195,0.91414,0.585783333,0.591958333,1.169068333,0.600031667
2.358057906,0.860198333,1.11462,0.65632,0.467821667,0.750833333,0.725116667,0.666753333,0.534626667,0.464225,0.674948333,0.579648333,0.930386667,0.497361667,0.479951667,0.397881667,1.213748333,1.211558333,0.662116667,0.911818333,0.562268333,0.566581667,1.162263333,0.576278333
2.343591359,0.855188333,1.11106,0.644065,0.460128333,0.744115,0.716508333,0.65717,0.516311667,0.4558,0.658311667,0.580543333,0.925856667,0.495623333,0.461633333,0.361563333,1.209495,1.164556667,0.63858,0.9032,0.528801667,0.535226667,1.160698333,0.550441667
2.329124812,0.848376667,1.112755,0.639873333,0.45145,0.72842,0.704608333,0.644458333,0.49964,0.451021667,0.645493333,0.57582,0.92371,0.48658,0.445886667,0.33143,1.182288333,1.127125,0.614138333,0.886088333,0.497831667,0.503691667,1.156273333,0.527341667
2.314657966,0.839666667,1.125461667,0.63908,0.447345,0.712361667,0.696395,0.630641667,0.482781667,0.45064,0.639431667,0.564648333,0.90891,0.46066,0.434511667,0.306918333,1.148826667,1.110471667,0.58994,0.871088333,0.472063333,0.472528333,1.12754,0.504695
2.300191419,0.830576667,1.14788,0.633883333,0.449961667,0.706313333,0.691738333,0.622093333,0.468128333,0.449271667,0.636445,0.552881667,0.888391667,0.434445,0.425841667,0.28669,1.140801667,1.120696667,0.565888333,0.861413333,0.454435,0.442876667,1.095833333,0.482678333
2.285724872,0.822523333,1.15104,0.624466667,0.448323333,0.705635,0.682303333,0.615071667,0.457226667,0.441483333,0.635556667,0.541526667,0.880383333,0.415423333,0.417078333,0.269718333,1.141258333,1.140163333,0.54119,0.852361667,0.439946667,0.419445,1.088048333,0.46271
2.271258326,0.81367,1.133103333,0.614436667,0.43883,0.704873333,0.671201667,0.610666667,0.44588,0.429113333,0.637526667,0.531791667,0.881271667,0.400431667,0.405805,0.255301667,1.123468333,1.157136667,0.517603333,0.84452,0.42035,0.4033,1.104463333,0.444108333
2.256791779,0.806201667,1.113836667,0.61007,0.430736667,0.700011667,0.666271667,0.609373333,0.429541667,0.419538333,0.637496667,0.524466667,0.86785,0.388726667,0.394548333,0.244613333,1.09737,1.14901,0.49985,0.838875,0.400195,0.390521667,1.13642,0.427545
2.242324932,0.805141667,1.09222,0.611535,0.428873333,0.689336667,0.660541667,0.600946667,0.415258333,0.416458333,0.628733333,0.516371667,0.84075,0.37668,0.38798,0.237186667,1.092355,1.106255,0.489825,0.833436667,0.385831667,0.378681667,1.158596667,0.416616667
2.227858386,0.801135,1.061086667,0.611061667,0.424658333,0.67329,0.649395,0.587143333,0.40977,0.415698333,0.613486667,0.505968333,0.817915,0.359031667,0.38454,0.229976667,1.097291667,1.082593333,0.482173333,0.820818333,0.376261667,0.36776,1.143518333,0.40812
2.213391839,0.788771667,1.034316667,0.603261667,0.416338333,0.65744,0.641878333,0.577138333,0.406908333,0.410158333,0.595596667,0.496796667,0.80264,0.343063333,0.38126,0.221825,1.090625,1.063928333,0.470408333,0.8014,0.368403333,0.3589,1.113611667,0.396213333
2.198925293,0.779458333,1.02711,0.591353333,0.409966667,0.648151667,0.640066667,0.572326667,0.401295,0.399406667,0.579275,0.492515,0.791028333,0.336755,0.37832,0.213691667,1.076205,1.06148,0.455856667,0.787033333,0.359936667,0.351593333,1.08555,0.384753333
2.184458446,0.773821667,1.029023333,0.580555,0.408236667,0.64511,0.633558333,0.570833333,0.395493333,0.390566667,0.571855,0.491398333,0.784683333,0.332905,0.377123333,0.207335,1.069271667,1.064651667,0.444078333,0.778165,0.352418333,0.343715,1.076255,0.377575
2.169991899,0.768221667,1.024233333,0.57233,0.409033333,0.648036667,0.618133333,0.569383333,0.391326667,0.38848,0.571378333,0.490955,0.780568333,0.325615,0.377608333,0.201873333,1.072765,1.07386,0.434446667,0.768748333,0.349338333,0.335873333,1.079745,0.369953333
2.155525353,0.770473333,1.007395,0.565615,0.405493333,0.653238333,0.604863333,0.564065,0.385816667,0.391081667,0.56747,0.49166,0.774441667,0.320176667,0.376545,0.193903333,1.07487,1.09319,0.42511,0.759371667,0.349263333,0.330468333,1.078046667,0.360485
2.141058806,0.771271667,0.980571667,0.558178333,0.398348333,0.650215,0.595146667,0.551673333,0.375661667,0.393403333,0.558858333,0.491098333,0.764516667,0.315423333,0.370588333,0.185111667,1.072306667,1.094375,0.419371667,0.751061667,0.34769,0.326653333,1.076616667,0.353933333
2.126592259,0.760186667,0.959648333,0.551208333,0.394625,0.634648333,0.584695,0.537018333,0.366721667,0.389015,0.55333,0.483903333,0.75352,0.304495,0.359796667,0.180463333,1.069671667,1.073473333,0.417103333,0.746465,0.34225,0.319445,1.068158333,0.35092
2.112125413,0.750425,0.955976667,0.549483333,0.396075,0.619245,0.580486667,0.528293333,0.365008333,0.382131667,0.554353333,0.47433,0.756693333,0.292241667,0.348643333,0.18098,1.066735,1.0684,0.414055,0.747303333,0.334863333,0.308386667,1.046836667,0.348713333
2.097658866,0.753181667,0.964431667,0.555261667,0.39316,0.614886667,0.584193333,0.527413333,0.366486667,0.382818333,0.557355,0.47321,0.763111667,0.289373333,0.343278333,0.183541667,1.048021667,1.071591667,0.409775,0.746761667,0.3286,0.299905,1.031621667,0.345468333
2.083192319,0.75949,0.9677,0.567816667,0.3861,0.616701667,0.58687,0.52976,0.367225,0.393286667,0.558783333,0.481968333,0.752145,0.295405,0.345958333,0.18326,1.012061667,1.061176667,0.40412,0.738438333,0.323476667,0.2959,1.020423333,0.340485
2.068725773,0.756093333,0.95253,0.581591667,0.385473333,0.61369,0.58539,0.529235,0.366668333,0.407241667,0.559638333,0.486848333,0.731715,0.300155,0.349501667,0.178513333,0.984931667,1.030776667,0.396175,0.724226667,0.316105,0.291041667,1.002746667,0.335953333
2.054258926,0.742968333,0.931998333,0.585828333,0.393716667,0.59673,0.584516667,0.528025,0.36462,0.410236667,0.559438333,0.479925,0.721485,0.297891667,0.343658333,0.173401667,0.983508333,0.987328333,0.388026667,0.712226667,0.304961667,0.282273333,0.980136667,0.332535
2.039792379,0.729258333,0.923935,0.575031667,0.398066667,0.576108333,0.581198333,0.53094,0.36244,0.395636667,0.556423333,0.47132,0.718468333,0.293593333,0.332173333,0.171115,0.987415,0.963753333,0.383531667,0.704561667,0.29674,0.273433333,0.9646,0.327691667
2.025325833,0.714676667,0.924353333,0.555321667,0.389756667,0.569195,0.572465,0.537698333,0.35854,0.377703333,0.547733333,0.465303333,0.707196667,0.293243333,0.326328333,0.168436667,0.968495,0.968648333,0.381273333,0.696043333,0.296245,0.268603333,0.968675,0.319316667
2.010859286,0.703295,0.924625,0.536788333,0.381101667,0.572131667,0.56603,0.53945,0.350796667,0.367205,0.532056667,0.458206667,0.692606667,0.295171667,0.327525,0.162235,0.945678333,0.985733333,0.375815,0.687743333,0.29656,0.267556667,0.985953333,0.310366667
1.996392739,0.70363,0.926618333,0.527155,0.382668333,0.570486667,0.56061,0.535596667,0.340718333,0.364425,0.514075,0.453345,0.673468333,0.29266,0.327611667,0.15572,0.947266667,1.014231667,0.367656667,0.684891667,0.289428333,0.270053333,0.998576667,0.305566667
1.981925893,0.711418333,0.91523,0.52505,0.384338333,0.560713333,0.5501,0.5292,0.334078333,0.364618333,0.503291667,0.454195,0.657306667,0.285945,0.319441667,0.153306667,0.956403333,1.045296667,0.361461667,0.684375,0.279343333,0.273645,0.996226667,0.30194
1.967459346,0.714493333,0.880781667,0.524415,0.374641667,0.549306667,0.541088333,0.516573333,0.335323333,0.360413333,0.502763333,0.458593333,0.661603333,0.278441667,0.30962,0.153521667,0.950968333,1.040843333,0.359933333,0.676948333,0.273628333,0.271285,0.98066,0.295118333
1.952992799,0.709486667,0.855498333,0.520636667,0.366861667,0.538393333,0.5373,0.497598333,0.33694,0.353803333,0.50363,0.461521667,0.672288333,0.270305,0.30552,0.153881667,0.929756667,1.026398333,0.362553333,0.66531,0.271531667,0.263206667,0.975261667,0.288303333
1.938526253,0.702656667,0.854048333,0.517645,0.371041667,0.529318333,0.536968333,0.488598333,0.329646667,0.35442,0.499676667,0.45874,0.665886667,0.263443333,0.305861667,0.155806667,0.920313333,0.994335,0.362298333,0.657206667,0.269573333,0.259948333,0.987701667,0.285516667
1.924059406,0.697235,0.858855,0.518566667,0.376168333,0.520328333,0.535913333,0.487311667,0.3225,0.364933333,0.495211667,0.452868333,0.652193333,0.257686667,0.3085,0.158745,0.920001667,0.94681,0.35438,0.651996667,0.265613333,0.264971667,0.98843,0.284508333
1.909592859,0.686721667,0.857631667,0.525626667,0.374663333,0.510348333,0.530276667,0.48128,0.323385,0.376968333,0.493513333,0.451151667,0.642853333,0.252026667,0.310421667,0.159008333,0.914588333,0.913778333,0.345688333,0.649098333,0.260231667,0.268666667,0.962175,0.279926667
1.895126313,0.674493333,0.854933333,0.535005,0.374591667,0.505453333,0.52411,0.480435,0.323676667,0.378928333,0.494001667,0.455743333,0.635793333,0.246773333,0.310583333,0.155205,0.911815,0.91168,0.341961667,0.652566667,0.256533333,0.262531667,0.93763,0.272601667
1.880659766,0.66871,0.855686667,0.5335,0.37897,0.51205,0.522865,0.489203333,0.319461667,0.373268333,0.493816667,0.459038333,0.628228333,0.239706667,0.312016667,0.148913333,0.912623333,0.928565,0.336053333,0.657993333,0.254318333,0.250023333,0.93151,0.270966667
1.866193219,0.668225,0.845376667,0.52832,0.377718333,0.526951667,0.529771667,0.490858333,0.314296667,0.367818333,0.49038,0.45494,0.61173,0.22877,0.314526667,0.142848333,0.900326667,0.962008333,0.324086667,0.654265,0.253111667,0.239233333,0.944706667,0.274881667
1.851726373,0.66355,0.826223333,0.524318333,0.362538333,0.530726667,0.535126667,0.479301667,0.307408333,0.361663333,0.480028333,0.449635,0.586356667,0.22192,0.314663333,0.139481667,0.876238333,1.013513333,0.315171667,0.6449,0.254431667,0.233041667,0.950226667,0.273345
1.837259826,0.651138333,0.811866667,0.511098333,0.347308333,0.51998,0.51944,0.469546667,0.300843333,0.353065,0.458373333,0.443945,0.569,0.228646667,0.312611667,0.137661667,0.863833333,0.988625,0.312981667,0.637146667,0.254688333,0.22871,0.933446667,0.262798333
1.822793279,0.64223,0.800915,0.49694,0.34717,0.506141667,0.490516667,0.469001667,0.29876,0.345666667,0.438438333,0.434675,0.567796667,0.239591667,0.3059,0.135266667,0.863895,0.959595,0.311413333,0.625783333,0.250156667,0.223516667,0.917903333,0.25375
1.808326733,0.636233333,0.782883333,0.492516667,0.356706667,0.49002,0.473245,0.469195,0.300336667,0.340508333,0.43072,0.421118333,0.567955,0.240265,0.295408333,0.13448,0.871515,0.941396667,0.307903333,0.608721667,0.244105,0.216885,0.91415,0.25271
1.793859886,0.626465,0.770586667,0.488015,0.354415,0.467925,0.468845,0.45967,0.297021667,0.332571667,0.41891,0.402966667,0.565,0.234013333,0.283068333,0.135795,0.871808333,0.908011667,0.303776667,0.590761667,0.238806667,0.211003333,0.895521667,0.253611667
1.779393339,0.620845,0.7728,0.47533,0.340165,0.450158333,0.464166667,0.446095,0.285488333,0.321205,0.403005,0.387758333,0.564943333,0.233291667,0.27031,0.134031667,0.870791667,0.878356667,0.302235,0.577166667,0.234503333,0.209931667,0.862095,0.250941667
1.764926793,0.620351667,0.767365,0.458345,0.329795,0.448886667,0.459025,0.440175,0.278853333,0.312458333,0.399451667,0.381168333,0.553475,0.23579,0.26506,0.131495,0.880595,0.856923333,0.306043333,0.571156667,0.234951667,0.213831667,0.847926667,0.249351667
1.750460246,0.617305,0.746093333,0.44552,0.328965,0.458071667,0.462121667,0.438751667,0.280548333,0.30853,0.39801,0.378213333,0.533505,0.237143333,0.273878333,0.136765,0.882218333,0.838581667,0.311298333,0.567895,0.236748333,0.218555,0.862428333,0.254641667
1.735993699,0.608136667,0.733515,0.442131667,0.323971667,0.461216667,0.467688333,0.42924,0.280225,0.30364,0.38753,0.371241667,0.527123333,0.23997,0.286438333,0.14514,0.871416667,0.843371667,0.312936667,0.562431667,0.231706667,0.222373333,0.876215,0.260543333
1.721526853,0.595385,0.736691667,0.441915,0.309988333,0.440098333,0.456516667,0.406403333,0.27607,0.295968333,0.377963333,0.36029,0.526056667,0.237883333,0.283515,0.145573333,0.856936667,0.88221,0.310671667,0.556986667,0.222743333,0.228178333,0.857781667,0.257221667
1.707060306,0.577011667,0.744138333,0.438223333,0.304606667,0.409903333,0.431481667,0.384415,0.270355,0.289141667,0.37367,0.347798333,0.512856667,0.229086667,0.268896667,0.140625,0.835351667,0.897885,0.303788333,0.549993333,0.216921667,0.233561667,0.826598333,0.248741667
1.692593759,0.558998333,0.742538333,0.431903333,0.309463333,0.402603333,0.415316667,0.376133333,0.264611667,0.280211667,0.36368,0.338263333,0.497238333,0.22234,0.259398333,0.135271667,0.816121667,0.871435,0.292515,0.537586667,0.214216667,0.232678333,0.81194,0.239903333
1.678127213,0.551253333,0.723073333,0.424315,0.308838333,0.414293333,0.406923333,0.368151667,0.261173333,0.26552,0.346648333,0.33406,0.48764,0.219851667,0.258635,0.129636667,0.811893333,0.813796667,0.283665,0.520918333,0.211035,0.226916667,0.812093333,0.230536667
1.663660366,0.55286,0.70289,0.418691667,0.292368333,0.420113333,0.392306667,0.349995,0.260825,0.254098333,0.336575,0.32846,0.480201667,0.215491667,0.258658333,0.128161667,0.807458333,0.793006667,0.281135,0.509528333,0.208051667,0.222055,0.798093333,0.227396667
1.649193819,0.551201667,0.69599,0.413273333,0.275405,0.403708333,0.373111667,0.339836667,0.26314,0.252238333,0.335908333,0.317213333,0.474375,0.212593333,0.251883333,0.134613333,0.779486667,0.799695,0.281298333,0.510236667,0.205545,0.220746667,0.779223333,0.232483333
1.634727273,0.548008333,0.694628333,0.399505,0.26792,0.381441667,0.358588333,0.342111667,0.259945,0.250278333,0.331763333,0.303265,0.474181667,0.2115,0.241926667,0.143065,0.735365,0.787721667,0.28152,0.514828333,0.198391667,0.2197,0.765261667,0.237918333
1.620260726,0.550196667,0.681256667,0.381581667,0.266195,0.374313333,0.35171,0.339015,0.250793333,0.245453333,0.324886667,0.292613333,0.476136667,0.207365,0.23987,0.146463333,0.708151667,0.751546667,0.279898333,0.509485,0.192443333,0.21501,0.75477,0.238576667
1.605794179,0.552316667,0.661205,0.374071667,0.263098333,0.383935,0.357143333,0.335926667,0.249476667,0.249818333,0.323301667,0.292501667,0.475978333,0.208373333,0.250626667,0.144936667,0.710178333,0.747821667,0.27426,0.49509,0.199535,0.209513333,0.747623333,0.235868333
1.591327333,0.546098333,0.650298333,0.376351667,0.257033333,0.395006667,0.36739,0.33725,0.251746667,0.257333333,0.319521667,0.301673333,0.475993333,0.21624,0.263163333,0.14264,0.722503333,0.768813333,0.2667,0.485065,0.210553333,0.204823333,0.738593333,0.23363
1.576860786,0.534241667,0.651826667,0.377735,0.247571667,0.390833333,0.367023333,0.332988333,0.24955,0.254355,0.311676667,0.309666667,0.476213333,0.223151667,0.263521667,0.144091667,0.723705,0.763676667,0.260118333,0.478018333,0.213768333,0.200451667,0.733688333,0.23271
1.562394239,0.521416667,0.651033333,0.376336667,0.241368333,0.380013333,0.356311667,0.322478333,0.248521667,0.247905,0.30999,0.305948333,0.470593333,0.218448333,0.258218333,0.148273333,0.720351667,0.753171667,0.256368333,0.468713333,0.215468333,0.197398333,0.741781667,0.234695
1.547927693,0.510321667,0.644545,0.3682,0.240305,0.373503333,0.348905,0.312345,0.249778333,0.247435,0.312258333,0.289726667,0.464828333,0.21078,0.256985,0.154106667,0.72376,0.743003333,0.257956667,0.461153333,0.220863333,0.198183333,0.75051,0.241096667
1.533460846,0.502341667,0.63104,0.350168333,0.234691667,0.37187,0.345996667,0.303085,0.250031667,0.247748333,0.305571667,0.272741667,0.466196667,0.214653333,0.254941667,0.165973333,0.73232,0.71704,0.261215,0.453776667,0.228631667,0.205773333,0.745578333,0.247323333
1.518994299,0.491078333,0.610353333,0.3363,0.232131667,0.362818333,0.336263333,0.29822,0.248166667,0.240188333,0.29268,0.265155,0.465625,0.228525,0.251426667,0.181593333,0.717788333,0.686315,0.266385,0.444046667,0.241771667,0.220721667,0.726231667,0.252566667
1.504527753,0.477675,0.597046667,0.334748333,0.236386667,0.337403333,0.31838,0.292116667,0.251228333,0.222331667,0.284986667,0.266265,0.456198333,0.243301667,0.24848,0.198721667,0.689075,0.667616667,0.28459,0.436118333,0.260975,0.243411667,0.703498333,0.26367
1.490061206,0.47123,0.596156667,0.336773333,0.234061667,0.307788333,0.30378,0.284116667,0.265998333,0.203693333,0.280073333,0.266341667,0.435263333,0.263311667,0.244593333,0.231223333,0.671436667,0.671306667,0.324696667,0.426216667,0.286995,0.280701667,0.690131667,0.291273333
1.475594659,0.465615,0.60563,0.336683333,0.222731667,0.295711667,0.293411667,0.2879,0.288575,0.194703333,0.272693333,0.25798,0.403686667,0.315435,0.245981667,0.294765,0.657563333,0.698831667,0.389303333,0.417185,0.327543333,0.341463333,0.684203333,0.34357
1.461127813,0.45439,0.606453333,0.340023333,0.224223333,0.306755,0.28141,0.307208333,0.320846667,0.196178333,0.266298333,0.249038333,0.379691667,0.405281667,0.264135,0.39213,0.640296667,0.733781667,0.47771,0.411946667,0.392803333,0.427686667,0.678701667,0.421156667
1.446661266,0.440331667,0.582218333,0.339215,0.229671667,0.316058333,0.271638333,0.318018333,0.36826,0.198993333,0.257951667,0.242788333,0.371153333,0.511168333,0.30178,0.502898333,0.636871667,0.74221,0.581168333,0.404036667,0.479306667,0.531971667,0.678981667,0.515441667
1.432194719,0.427263333,0.55176,0.324171667,0.214058333,0.307088333,0.263728333,0.313963333,0.403586667,0.196096667,0.247415,0.231963333,0.364131667,0.595243333,0.33962,0.566251667,0.635183333,0.71792,0.65895,0.395373333,0.550538333,0.626405,0.684176667,0.58563
1.417728173,0.418848333,0.534853333,0.309965,0.188566667,0.290916667,0.25422,0.305428333,0.402488333,0.195811667,0.244348333,0.2224,0.355838333,0.620898333,0.356605,0.536435,0.621145,0.673698333,0.677,0.383953333,0.560061667,0.65066,0.682401667,0.589493333
1.403261326,0.41859,0.527051667,0.30318,0.180026667,0.286653333,0.248458333,0.295475,0.38092,0.197061667,0.250156667,0.218751667,0.350205,0.571448333,0.346888333,0.453468333,0.609125,0.637971667,0.639871667,0.36599,0.517678333,0.58328,0.665535,0.542301667
1.388794779,0.423526667,0.522775,0.293418333,0.187536667,0.290135,0.250871667,0.27354,0.354078333,0.189895,0.251886667,0.216336667,0.34318,0.471541667,0.320178333,0.369585,0.603266667,0.623835,0.566078333,0.350073333,0.45279,0.479655,0.641426667,0.474591667
1.374328233,0.425615,0.520018333,0.284896667,0.193745,0.287275,0.250816667,0.254315,0.314681667,0.180978333,0.245615,0.214796667,0.330873333,0.395135,0.292368333,0.298023333,0.601476667,0.637145,0.486163333,0.342478333,0.380023333,0.394003333,0.624925,0.399265
1.359861686,0.41311,0.516268333,0.281541667,0.180666667,0.276093333,0.233185,0.2429,0.266578333,0.177626667,0.234133333,0.208293333,0.321328333,0.34314,0.265566667,0.237606667,0.605263333,0.658465,0.41904,0.338838333,0.31835,0.332608333,0.609565,0.329965
1.34539514,0.39887,0.50608,0.280318333,0.157593333,0.263861667,0.212818333,0.228316667,0.232161667,0.178181667,0.217646667,0.193341667,0.316863333,0.305208333,0.244155,0.191981667,0.610431667,0.663525,0.366123333,0.334705,0.278706667,0.286998333,0.592893333,0.283956667
1.330928293,0.392918333,0.4835,0.278486667,0.148285,0.262085,0.208936667,0.214451667,0.218243333,0.178291667,0.206028333,0.18071,0.31355,0.281705,0.23676,0.162823333,0.614195,0.64809,0.330305,0.32949,0.260443333,0.250196667,0.590443333,0.264188333
1.316461746,0.388933333,0.456975,0.272593333,0.16691,0.262841667,0.216935,0.2106,0.213186667,0.177031667,0.209026667,0.183073333,0.30872,0.255193333,0.23472,0.145706667,0.606386667,0.627976667,0.303903333,0.325063333,0.25325,0.221768333,0.592315,0.25708
1.3019952,0.375043333,0.446595,0.26418,0.181363333,0.25363,0.225976667,0.216428333,0.207261667,0.171088333,0.218351667,0.198561667,0.307401667,0.226078333,0.234866667,0.134971667,0.59166,0.64767,0.278876667,0.322996667,0.241693333,0.204615,0.58565,0.24732
1.287528653,0.363156667,0.456985,0.259008333,0.170418333,0.244228333,0.236901667,0.216305,0.200198333,0.162615,0.215775,0.208723333,0.310773333,0.203388333,0.244051667,0.126756667,0.579711667,0.61819,0.260455,0.316976667,0.227295,0.190428333,0.581906667,0.240363333
1.273061806,0.363211667,0.467956667,0.254575,0.15627,0.250951667,0.244466667,0.203443333,0.191018333,0.160483333,0.2028,0.20161,0.305868333,0.191075,0.252778333,0.122675,0.582623333,0.570373333,0.252311667,0.305958333,0.211443333,0.174745,0.583478333,0.235356667
1.25859526,0.366381667,0.464293333,0.246556667,0.156856667,0.260595,0.233733333,0.203076667,0.180758333,0.164693333,0.19313,0.187511667,0.28934,0.177003333,0.251508333,0.123056667,0.584375,0.533708333,0.244491667,0.294025,0.192491667,0.166118333,0.578718333,0.223491667
1.244128713,0.368831667,0.452425,0.240798333,0.165006667,0.246561667,0.212648333,0.223115,0.17879,0.170278333,0.191376667,0.175586667,0.280268333,0.173586667,0.248428333,0.124026667,0.566121667,0.501268333,0.235163333,0.28548,0.183415,0.168653333,0.563356667,0.211075
1.229662166,0.370145,0.4452,0.233638333,0.158796667,0.223973333,0.199343333,0.237938333,0.183666667,0.171943333,0.190045,0.167026667,0.285646667,0.183073333,0.250201667,0.122636667,0.529245,0.48587,0.231995,0.277136667,0.189755,0.176995,0.541216667,0.207061667
1.21519562,0.367411667,0.444481667,0.219508333,0.143566667,0.208098333,0.195596667,0.232395,0.185551667,0.166993333,0.181203333,0.164925,0.293175,0.188116667,0.241191667,0.121923333,0.495118333,0.495898333,0.233871667,0.268711667,0.197375,0.186023333,0.524365,0.208063333
1.200728773,0.365398333,0.445426667,0.20883,0.133525,0.20861,0.186483333,0.21751,0.181616667,0.161913333,0.172835,0.168196667,0.296191667,0.180016667,0.212795,0.124771667,0.484888333,0.51801,0.240073333,0.270711667,0.19832,0.19296,0.521908333,0.206548333
1.186262226,0.37408,0.446915,0.215115,0.133193333,0.225353333,0.167666667,0.212163333,0.174638333,0.160833333,0.17579,0.164016667,0.289765,0.167553333,0.183455,0.125011667,0.48867,0.527843333,0.251911667,0.278238333,0.199138333,0.195008333,0.526878333,0.204886667
1.17179568,0.385056667,0.441275,0.233573333,0.127408333,0.229566667,0.159483333,0.216993333,0.173623333,0.162413333,0.175845,0.147191667,0.27402,0.177623333,0.17217,0.116943333,0.489821667,0.522405,0.255973333,0.274556667,0.20022,0.194101667,0.520758333,0.205758333
1.157329133,0.388475,0.434213333,0.240333333,0.130191667,0.231981667,0.16867,0.212716667,0.169423333,0.157145,0.1633,0.135868333,0.258946667,0.1837,0.174461667,0.104906667,0.481431667,0.537713333,0.244335,0.254776667,0.19857,0.188583333,0.498753333,0.198778333
1.142862286,0.365645,0.431681667,0.227705,0.13832,0.230335,0.173898333,0.185643333,0.16003,0.133931667,0.150691667,0.131611667,0.248086667,0.1676,0.180491667,0.097746667,0.469008333,0.500553333,0.225361667,0.229583333,0.189958333,0.176083333,0.474415,0.187431667
1.12839574,0.337381667,0.411528333,0.205293333,0.130055,0.217358333,0.155308333,0.152536667,0.142701667,0.103761667,0.142128333,0.124098333,0.226455,0.141925,0.170361667,0.092636667,0.447301667,0.452383333,0.20558,0.217918333,0.167111667,0.162191667,0.454123333,0.178716667
1.113929193,0.313096667,0.375325,0.188613333,0.108226667,0.195286667,0.130503333,0.13559,0.117386667,0.092625,0.129858333,0.126198333,0.205936667,0.135455,0.150456667,0.083325,0.418185,0.418531667,0.19382,0.219633333,0.143243333,0.147758333,0.442313333,0.164068333
1.099462646,0.287603333,0.349996667,0.183021667,0.10246,0.176763333,0.129948333,0.123745,0.09998,0.107576667,0.124371667,0.139805,0.20676,0.149863333,0.146931667,0.065308333,0.395168333,0.412778333,0.18431,0.219983333,0.133285,0.123826667,0.432668333,0.141991667
1.0849961,0.278715,0.331311667,0.189115,0.119201667,0.17859,0.152893333,0.126483333,0.104898333,0.126301667,0.126226667,0.146356667,0.219891667,0.155426667,0.163656667,0.044186667,0.381025,0.417406667,0.164311667,0.211513333,0.127546667,0.09554,0.413571667,0.124031667
1.070529253,0.292893333,0.31186,0.200333333,0.142808333,0.204386667,0.179531667,0.143068333,0.114238333,0.123835,0.12122,0.14355,0.227795,0.162876667,0.175875,0.035861667,0.378655,0.406063333,0.14099,0.207626667,0.120673333,0.075778333,0.400593333,0.12056
1.056062706,0.297215,0.293008333,0.197553333,0.145123333,0.229268333,0.175148333,0.143235,0.100021667,0.10504,0.107946667,0.135728333,0.216685,0.150963333,0.155305,0.042903333,0.388088333,0.374938333,0.129258333,0.213196667,0.112858333,0.06604,0.397533333,0.131966667
1.04159616,0.264136667,0.279175,0.1727,0.112,0.208888333,0.139641667,0.124668333,0.072843333,0.087106667,0.095713333,0.129426667,0.19558,0.114443333,0.121858333,0.052765,0.405598333,0.357195,0.13347,0.221578333,0.097216667,0.065978333,0.371543333,0.14168
1.027129613,0.233095,0.280828333,0.153516667,0.077986667,0.172995,0.110885,0.129435,0.07619,0.088436667,0.1035,0.134755,0.193916667,0.085651667,0.116408333,0.0598,0.413353333,0.372686667,0.137036667,0.219898333,0.078775,0.083531667,0.35,0.133751667
1.012663066,0.230795,0.297431667,0.159205,0.081603333,0.153005,0.099471667,0.1523,0.104391667,0.10933,0.124818333,0.14466,0.19733,0.078291667,0.140938333,0.066931667,0.39812,0.364278333,0.130475,0.207796667,0.082281667,0.102136667,0.364575,0.116035
