wave_num,CAOX-1-1,CAOX-1-2,CAOX-1-3,CAOX-1-4,CAOX-1-5,CAOX-1-6,CAOX-2-1,CAOX-2-2,CAOX-2-3,CAOX-2-4,CAOX-2-5,CAOX-2-6,DCY-1-1,DCY-1-2,DCY-1-3,DCY-1-4,DCY-1-5,DCY-1-6,DCY-2-1,DCY-2-2,DCY-2-3,DCY-2-4,DCY-2-5,DCY-2-6,URIC-1-1,URIC-1-2,URIC-1-3,URIC-1-4,URIC-1-5,URIC-1-6,URIC-2-1,URIC-2-2,URIC-2-3,URIC-2-4,URIC-2-5,URIC-2-6,APA-1-1,APA-1-2,APA-1-3,APA-1-4,APA-1-5,APA-1-6,DCP-1-1,DCP-1-2,DCP-1-3,DCP-1-4,DCP-1-5,DCP-1-6
3.992785179,1.08049,1.07463,1.06959,1.0786,1.04583,1.07269,1.74534,1.7383,1.80572,1.73305,1.71344,1.8131,1.42253,1.38198,1.34957,1.34844,1.42703,1.40653,2.03207,2.23336,2.40535,2.3507,2.14851,2.44478,1.91904,1.92132,2.06819,1.98434,1.86812,1.98008,2.34358,2.44398,2.83167,2.09604,2.26905,2.69069,1.1205,1.082,1.10601,1.09017,1.01053,1.03737,1.9086097368096502,1.9423775115086515,1.9275079234058727,2.023407112461982,2.0215339279108546,1.8070530942653382
3.978318632,1.06601,1.05185,1.04973,1.05121,1.03146,1.04641,1.62653,1.6794,1.78898,1.71369,1.64727,1.77825,1.39176,1.38089,1.32339,1.31289,1.43126,1.38255,2.08149,2.27359,2.41746,2.29258,2.12804,2.46075,1.9276,1.91888,2.07077,2.00536,1.85837,1.92832,2.45436,2.33407,2.34884,2.20863,2.32097,2.43966,1.05055,1.08342,1.0911,1.07702,1.04117,1.06743,1.9678365955532249,1.9138059152889373,1.9490433759454648,1.913774445709488,1.9776667140681687,1.9933895387393823
3.963852085,1.03549,1.03341,1.0283,1.03242,1.02636,1.0258,1.60494,1.6524,1.76338,1.67751,1.59123,1.73925,1.3291,1.37435,1.30261,1.2922,1.3814,1.35677,1.98513,2.41401,2.29542,2.4635,2.19908,2.47755,1.87516,1.97776,1.97565,2.04562,1.85751,1.85348,2.40422,2.20507,2.29161,2.25154,2.48324,2.39734,1.12233,1.11518,1.05828,1.0474,1.0187,1.05896,1.957378010725891,1.9800779687237948,2.0162147253170857,1.9877019042819717,1.9907518296042988,1.8844014930057646
3.949385239,1.00779,1.01562,1.00329,1.01745,1.01762,1.01195,1.63224,1.63027,1.71394,1.61382,1.59032,1.71011,1.27571,1.34693,1.30196,1.29207,1.29963,1.33368,1.94518,2.63486,2.24747,2.34806,2.24081,2.43948,1.80107,1.98816,1.8254,2.01631,1.83496,1.7874,2.31582,2.15286,2.17941,2.23918,2.68357,2.31495,1.10076,1.06874,1.04981,1.07,1.05696,1.03407,1.8937596441719946,1.8388689212810672,1.8576245252443606,1.8433967296858909,1.9411927464913494,1.9161020646476146
3.934918692,0.98908,0.99671,0.98701,0.99528,0.99377,0.99615,1.61337,1.58995,1.65244,1.59451,1.60065,1.68582,1.26267,1.30711,1.30674,1.29959,1.25297,1.29639,2.11803,2.28399,2.41318,2.24941,2.34297,2.43365,1.72265,1.80276,1.71215,1.91447,1.75243,1.7008,2.23989,2.07217,2.14687,2.43208,2.78515,2.2036,1.09803,1.10542,1.03397,1.05937,1.01911,1.05899,2.00733105246541,1.9899070682264153,1.8726195882767311,1.9670303985094355,1.8421934915534586,1.9238259845849064
3.920452145,0.96951,0.97715,0.97328,0.96849,0.96619,0.97316,1.55403,1.54381,1.59442,1.62128,1.57542,1.66596,1.26073,1.26818,1.29783,1.2875,1.243,1.25287,2.29592,2.17825,2.61454,2.33058,2.41353,2.3081,1.59581,1.62503,1.62284,1.78461,1.62776,1.58825,2.28006,2.12175,2.28013,2.5393,2.54835,2.12146,1.09523,1.07191,1.04302,1.05542,1.03534,0.99781,2.0168258713836473,1.9207150712342769,1.938101877853773,1.935348916265723,1.9243760255031446,1.949685511721698
3.905985599,0.94906,0.9577,0.95349,0.94908,0.94902,0.94648,1.51239,1.50877,1.53139,1.61351,1.52475,1.64023,1.24169,1.23898,1.26463,1.26376,1.23189,1.22802,2.1743,2.37947,2.50781,2.38618,2.3068,2.35825,1.49325,1.48997,1.5364,1.62533,1.51949,1.4874,2.44668,2.29795,2.54557,2.49824,2.50705,2.22116,1.10288,1.04413,1.05208,1.08139,1.0622,1.07277,1.9874517339543794,1.9418130611704254,1.862689465586785,1.8516896842328252,1.9301665679423183,1.8823477990173036
3.891519052,0.93615,0.93682,0.92747,0.94001,0.93681,0.92449,1.50663,1.51349,1.48601,1.55255,1.47875,1.60516,1.22581,1.22277,1.22788,1.23821,1.2109,1.21709,2.15236,2.82075,2.35908,2.45307,2.2564,2.34683,1.42837,1.38792,1.4463,1.45408,1.445,1.40195,2.69507,2.27008,2.3402,2.45007,2.68558,2.58126,1.05583,1.05113,1.07214,1.05323,1.03068,0.99023,2.029270270698113,1.9265928293228511,1.9912122054402515,1.8658260967484277,1.9364018355429768,1.9019677183375263
3.877052205,0.93166,0.91397,0.90668,0.9308,0.92401,0.91195,1.51202,1.55003,1.46787,1.49585,1.44502,1.56393,1.21535,1.21667,1.20557,1.2122,1.184,1.19671,2.26432,2.30522,2.21672,2.37625,2.30185,2.23257,1.34418,1.30315,1.34309,1.32331,1.36186,1.32439,2.6066,2.34843,2.24643,2.30646,2.31871,2.28495,1.08476,1.05101,1.04316,1.02531,0.97879,1.01863,1.9587463055503145,1.9464347367636268,1.8986597969994758,1.9448049150209643,1.943907099850629,1.9364678863522011
3.862585659,0.92757,0.89258,0.89692,0.91256,0.9136,0.90555,1.48798,1.54434,1.4479,1.46485,1.43209,1.52141,1.19258,1.20978,1.18713,1.1966,1.16537,1.168,2.37453,2.32368,2.21194,2.42259,2.26874,2.31443,1.24715,1.24309,1.24358,1.24337,1.26651,1.25115,2.26121,2.4112,2.2061,2.1165,2.10026,2.35051,1.03182,1.08303,1.04095,1.01046,1.01215,1.03036,1.954563415044048,1.933054211708967,1.9630852637818565,1.9555262748432092,1.9939187275773467,1.922912508495543
3.848119112,0.91682,0.87637,0.88791,0.89488,0.90062,0.90111,1.44255,1.50427,1.41989,1.46123,1.44038,1.48295,1.16088,1.19269,1.16584,1.18762,1.16823,1.15434,2.22508,2.445,2.27091,2.48438,2.32653,2.40514,1.16618,1.199,1.16443,1.18644,1.18719,1.18824,2.09975,2.24396,2.04797,2.015,2.04175,2.56756,1.08783,1.01872,1.0393,1.04965,1.02149,1.00985,1.9917676879329143,2.025432957392034,1.9417175000754716,1.866900967077568,1.8587580382767293,1.8784593875932916
3.833652565,0.89924,0.86871,0.87572,0.88615,0.88187,0.89608,1.40237,1.48172,1.40672,1.46087,1.44371,1.45545,1.13601,1.1631,1.14176,1.17624,1.16732,1.16501,2.22772,2.11728,2.63117,2.26995,2.67148,2.42675,1.1095,1.14627,1.11025,1.13005,1.12295,1.13748,2.04208,1.96933,1.99997,1.92709,2.00681,2.38341,1.0194,1.06127,1.00582,1.0016,1.01567,1.03744,1.863401497539309,1.912202476666666,1.9617694834538788,1.9500498456996855,1.9425880295178197,1.9644192041011534
3.819185719,0.87878,0.8672,0.86869,0.88098,0.86775,0.89043,1.38218,1.47708,1.41379,1.43846,1.42898,1.44026,1.12124,1.13065,1.1153,1.15653,1.1344,1.17056,2.30087,2.09775,2.48381,2.10133,2.5244,2.31757,1.0728,1.08369,1.07366,1.07268,1.06894,1.0879,2.06097,1.79663,1.97273,1.8515,2.00305,2.1012,1.0708,1.02373,1.00544,1.00461,0.99404,0.98213,2.02080487190194,2.027236282899318,1.9643996257357108,1.9302264506591504,1.9983645393481908,1.9337841765642374
3.804719172,0.86116,0.86459,0.86874,0.87443,0.86314,0.88194,1.38469,1.44974,1.42072,1.40861,1.4112,1.42246,1.1144,1.1101,1.09634,1.12754,1.09843,1.14707,2.27455,2.16211,2.32235,2.06659,2.34594,2.18241,1.03958,1.02461,1.03761,1.02039,1.03181,1.03682,2.02567,1.74237,1.92183,1.79109,2.03637,2.02896,1.05398,1.02846,1.02246,1.02152,0.96653,0.9784,2.0341325480943406,1.9402642459433972,1.971510908830189,2.0346258753207556,1.9897388919056602,2.062855802509434
3.790252625,0.85152,0.85829,0.86617,0.86544,0.85863,0.86511,1.40472,1.41336,1.41016,1.38799,1.40059,1.39875,1.10305,1.0993,1.08843,1.10532,1.08368,1.1118,2.32211,2.25745,2.25566,2.1018,2.2058,2.15979,1.00061,0.97806,0.99699,0.98142,1.0029,0.99185,1.88256,1.7468,1.78337,1.74676,2.02984,1.91988,1.01805,1.03262,0.9929,1.00038,0.9749,0.99106,1.9963308920424732,2.035057188122703,2.0594974035789204,1.8883738274777144,1.9292190845568948,1.9338220071447307
3.775786079,0.85019,0.84802,0.85545,0.85732,0.84845,0.84899,1.423,1.39655,1.38553,1.37547,1.39663,1.37034,1.0786,1.08752,1.08483,1.09299,1.07292,1.08424,2.16281,2.20115,2.43017,2.25414,2.11632,2.09145,0.96071,0.94185,0.96575,0.95567,0.97272,0.95357,1.75117,1.7111,1.66539,1.72917,1.88716,1.7188,1.04288,1.02647,0.98011,1.02027,0.98129,0.98711,2.0156693459281594,1.968473963321972,1.9345878230015732,1.9442083785941264,1.9481459589187207,1.9280260220828525
3.761319532,0.84708,0.83637,0.84682,0.85073,0.84034,0.84474,1.40232,1.39065,1.3573,1.37052,1.38868,1.34402,1.05095,1.07264,1.07792,1.0742,1.06339,1.06723,2.06111,2.12206,2.68031,2.50271,2.13548,2.19587,0.92289,0.90849,0.94368,0.92648,0.94026,0.91919,1.64538,1.61727,1.60593,1.68502,1.73461,1.57468,1.01986,1.02319,0.99424,0.99122,0.99041,0.97175,2.0435012385212397,1.980764958135289,2.063501457631882,2.024598457164135,1.9731395218521237,2.0094798749659155
3.746852685,0.83376,0.83054,0.84858,0.84431,0.83877,0.84382,1.34097,1.40024,1.33598,1.36158,1.38071,1.33656,1.03534,1.0541,1.0582,1.04892,1.061,1.05627,2.06421,2.22045,2.43406,2.69289,2.20588,2.25704,0.88828,0.87796,0.91458,0.88929,0.90442,0.88859,1.54861,1.53454,1.55013,1.61845,1.62849,1.51067,1.03124,1.00799,0.96587,0.95586,0.95019,0.97707,1.9392900909045616,2.073182034108548,2.0971730545804936,1.9937185445542738,1.95255705860514,1.9301742962191921
3.732386139,0.82267,0.82902,0.85151,0.84261,0.8398,0.83751,1.29422,1.43753,1.31939,1.33407,1.38009,1.34073,1.03029,1.03342,1.0308,1.02881,1.04783,1.05022,2.12034,2.28719,2.10439,2.19389,2.22619,2.44821,0.85379,0.85248,0.87764,0.85573,0.86689,0.8576,1.48986,1.47994,1.5029,1.56337,1.59133,1.49068,1.01917,1.01092,0.99903,1.00776,0.98882,0.93719,2.0998384337441007,2.0186113864237027,2.075867871179339,2.082684567622968,2.091844400805454,1.999512940698479
3.717919592,0.82791,0.82504,0.84706,0.84456,0.84302,0.83262,1.2986,1.43722,1.31738,1.31102,1.36439,1.3465,1.02567,1.01617,1.00707,1.01602,1.02223,1.04629,2.13698,2.12638,2.04184,2.12478,2.09866,2.4182,0.81382,0.82849,0.84012,0.82741,0.83163,0.82265,1.44654,1.4313,1.45903,1.49953,1.55333,1.47835,0.98528,0.97387,0.95812,0.98393,0.99303,0.9671,2.0740138718490564,1.9502032468301893,2.0589280512830186,1.9787911734716987,1.9066816331320748,1.9411659161509431
3.703453045,0.84714,0.82589,0.84181,0.84488,0.84774,0.83651,1.34248,1.37416,1.3436,1.31121,1.34226,1.35891,1.01269,1.00318,0.98914,1.01163,1.00503,1.03601,2.16142,1.91818,2.09657,2.27174,1.9448,2.19746,0.77659,0.79742,0.80535,0.79892,0.79775,0.7854,1.38126,1.38622,1.40191,1.40908,1.46371,1.43973,1.01562,0.9832,0.97993,0.94217,0.91299,0.92057,1.9772026844703725,2.0453524097640274,2.0577946323807033,2.0755261803460927,2.0980916157734666,1.9761979959727318
3.688986199,0.86697,0.83686,0.84433,0.84827,0.85055,0.84638,1.36845,1.32963,1.38417,1.32445,1.33724,1.36892,0.98834,0.99165,0.97905,1.00912,0.9967,1.01877,2.1404,1.90638,2.03604,2.2487,1.9949,2.06672,0.75381,0.75912,0.77418,0.77058,0.76349,0.74788,1.32011,1.33565,1.3305,1.32682,1.36201,1.36518,0.98689,0.97063,0.93927,0.95182,0.93688,0.93285,2.058988574546121,1.9609095045901463,2.0551188148165616,1.9989589468286166,1.9926606235566036,1.8363130306933966
3.674519652,0.87344,0.84633,0.85337,0.85528,0.85111,0.85735,1.35612,1.34114,1.41916,1.35677,1.3503,1.37704,0.97053,0.9789,0.97667,0.99775,0.98442,1.00021,1.93127,2.04962,2.08918,2.11992,2.12783,2.0809,0.7362,0.7258,0.74181,0.74467,0.73196,0.71343,1.27241,1.26748,1.26524,1.28331,1.27566,1.29242,0.99785,0.98652,0.95842,0.95873,0.9379,0.92497,2.107060574786165,2.002967772901467,2.066479563383647,2.0488947725911952,2.000659045232705,1.9269108445576517
3.660053105,0.86631,0.8526,0.8609,0.85831,0.85133,0.86807,1.35841,1.37855,1.45427,1.40297,1.37385,1.4001,0.97201,0.96704,0.97671,0.98269,0.97118,0.98163,1.87491,1.99021,2.17987,2.11051,2.07584,2.08989,0.71008,0.70019,0.71118,0.71701,0.70526,0.68552,1.22952,1.20022,1.21503,1.23929,1.20759,1.23914,0.96639,0.95293,0.94143,0.94118,0.92353,0.8954,1.982874753767698,2.0382429058416345,1.939213709858418,1.9641866760382805,1.9877199910199266,1.9248009608232823
3.645586559,0.86028,0.86454,0.86307,0.86194,0.85596,0.87616,1.39839,1.41458,1.48477,1.43379,1.40049,1.4227,0.97226,0.95851,0.97232,0.97182,0.96165,0.96501,1.82427,1.86291,2.06551,2.2318,1.95697,1.99969,0.68013,0.6722,0.6873,0.68554,0.68035,0.66401,1.18409,1.15618,1.17319,1.16913,1.15858,1.18936,0.97735,0.9562,0.92117,0.94405,0.93573,0.93578,1.9989371733118444,1.9623608925372145,1.9905067601126822,1.9784111399821787,1.988310804849056,1.9688477357206504
3.631120012,0.86581,0.8806,0.86983,0.87672,0.86977,0.88182,1.42962,1.445,1.49269,1.45947,1.44327,1.42714,0.96408,0.94483,0.95745,0.96747,0.95107,0.95628,1.82864,1.87471,1.94656,2.30226,1.90064,1.86119,0.65126,0.64136,0.66273,0.6551,0.65338,0.64526,1.12971,1.12977,1.13136,1.10707,1.12092,1.1364,0.95199,0.94359,0.92567,0.90096,0.9009,0.89898,2.0125117660461194,1.9542615143878368,1.9531610248867917,1.9367468550398332,1.978581606972745,1.9864772573039837
3.616653165,0.87708,0.89534,0.8847,0.9001,0.89083,0.88992,1.42969,1.46935,1.48266,1.48705,1.48964,1.42845,0.95907,0.92632,0.93578,0.96144,0.94294,0.95145,1.81429,1.99009,1.94586,2.26726,1.90068,1.79929,0.62169,0.61559,0.63324,0.62748,0.62673,0.62486,1.07234,1.0925,1.07715,1.06696,1.07621,1.09013,0.92419,0.93496,0.91816,0.89088,0.89543,0.88906,1.917515685765602,1.9420088841793388,1.9389914479811217,2.0411149776533843,1.9617472117068728,1.8440154708180372
3.602186619,0.89071,0.90609,0.89987,0.91639,0.90845,0.90025,1.42885,1.4743,1.45358,1.52087,1.51488,1.4303,0.95057,0.91589,0.91749,0.9465,0.93987,0.94397,1.74983,2.08303,1.99171,2.01823,1.97144,1.85849,0.59488,0.59578,0.60477,0.60074,0.60568,0.59855,1.0261,1.03557,1.02115,1.03479,1.02196,1.0482,0.95469,0.9226,0.9063,0.8891,0.89151,0.88483,2.0354129880220104,1.9501814279937133,1.8881028219827052,1.916838363688677,1.9030406227138337,1.9096183623742118
3.587720072,0.91281,0.91336,0.9139,0.91471,0.91656,0.90818,1.44488,1.46618,1.43858,1.54828,1.5425,1.44026,0.94172,0.91046,0.90887,0.93311,0.93538,0.93535,1.7107,2.14198,1.99053,1.86994,2.01628,1.94484,0.57465,0.57897,0.57926,0.57512,0.58861,0.56928,0.98979,0.98289,0.98803,1.00552,0.97738,0.99958,0.9305,0.93319,0.93199,0.87534,0.87107,0.8811,1.8566135841257863,1.8888953780880529,1.8242009142893094,1.9020509753207548,1.8034525306415108,1.8272645651069177
3.573253525,0.9401,0.92447,0.9209,0.90935,0.92033,0.9151,1.50555,1.46643,1.44313,1.55943,1.57003,1.47479,0.94046,0.90184,0.91501,0.91774,0.92772,0.92434,1.73677,2.03427,2.05947,1.89632,1.94399,1.92954,0.558,0.56419,0.55645,0.55477,0.57003,0.5497,0.95071,0.94605,0.97116,0.97489,0.94757,0.95429,0.91024,0.9113,0.88054,0.8976,0.8769,0.86454,1.8297419970503408,1.8183772123885684,1.8417511870214998,1.8048566107891977,1.7942855179208181,1.8566216266255897
3.558786679,0.9594,0.94055,0.92037,0.92025,0.92182,0.92572,1.56966,1.48686,1.45166,1.54953,1.54535,1.5086,0.92535,0.89788,0.93239,0.89666,0.92171,0.91341,1.8356,1.93296,2.15237,1.961,1.92881,1.87226,0.54003,0.54742,0.53902,0.54032,0.54999,0.54174,0.91387,0.91411,0.94712,0.93883,0.91752,0.92626,0.93735,0.88426,0.88468,0.89309,0.84782,0.8596,1.7883801603611091,1.807395249555555,1.7554572125277785,1.8328054043611113,1.7457053608888897,1.8203948112777761
3.544320132,0.9607,0.95305,0.92508,0.94137,0.92188,0.93822,1.5923,1.51689,1.45071,1.50218,1.48821,1.5145,0.89334,0.90321,0.93982,0.88971,0.91424,0.91031,1.94569,1.84032,2.11875,1.89436,2.04151,1.80781,0.52241,0.5261,0.52565,0.52583,0.53064,0.53213,0.88953,0.88443,0.90998,0.90635,0.88603,0.90872,0.86891,0.87052,0.86691,0.85738,0.85575,0.85076,1.9026073331788143,1.7600552088956478,1.7611430703387525,1.7694201453885698,1.7990096341667539,1.7525059335899316
3.529853585,0.94837,0.95732,0.93716,0.95334,0.92338,0.94902,1.59801,1.50689,1.44309,1.46631,1.45031,1.51706,0.87713,0.91077,0.92987,0.89655,0.90313,0.91261,1.97084,1.7656,2.0442,1.77306,2.13027,1.74121,0.51012,0.50459,0.51431,0.50832,0.51353,0.51621,0.87042,0.85985,0.86826,0.88133,0.86407,0.88775,0.90292,0.88347,0.86063,0.89328,0.85817,0.87755,1.7300723469402213,1.8131211629260622,1.7699584462978513,1.7011861298295725,1.7349377545988474,1.7318951700970129
3.515387039,0.94409,0.9532,0.94018,0.94765,0.9307,0.95432,1.58555,1.49368,1.44347,1.48625,1.43657,1.51333,0.88442,0.91275,0.91975,0.89772,0.89815,0.9106,1.96584,1.75709,2.09688,1.71462,2.04249,1.75081,0.5006,0.48796,0.50421,0.49242,0.50007,0.50114,0.85138,0.83537,0.83388,0.85661,0.8467,0.8619,0.90462,0.90145,0.8604,0.86091,0.85728,0.85128,1.7236006559223909,1.7296473632212905,1.7322647414452015,1.719167955407447,1.7766721981872045,1.6986749818495017
3.500920492,0.95458,0.94379,0.93059,0.92618,0.94419,0.94906,1.5301,1.48356,1.45558,1.52711,1.42015,1.48874,0.89802,0.90741,0.9137,0.89434,0.89796,0.90075,1.91924,1.84396,2.04862,1.74313,1.93636,1.8871,0.48972,0.47778,0.491,0.48304,0.48792,0.48936,0.83681,0.81227,0.81181,0.82799,0.82449,0.83518,0.89031,0.8567,0.86006,0.85837,0.86024,0.84349,1.7283708570739391,1.7156181825736758,1.7200793166837969,1.7680209083922405,1.6771496740576828,1.6760201084929205
3.486453645,0.96217,0.93639,0.92075,0.9053,0.94749,0.93566,1.46909,1.47595,1.471,1.52969,1.41392,1.45901,0.90264,0.89701,0.90547,0.89578,0.89102,0.89228,1.86394,1.94304,2,1.80544,1.82297,2.09613,0.47738,0.47277,0.4754,0.47737,0.47449,0.4786,0.82122,0.79549,0.7976,0.79692,0.79726,0.80872,0.88045,0.91468,0.88502,0.8849,0.88245,0.85501,1.6470587093340334,1.7010275895149447,1.6884721918877832,1.634863548277399,1.674003512160462,1.624643082587835
3.471987099,0.95236,0.92878,0.91386,0.89963,0.9339,0.92263,1.45925,1.48311,1.47405,1.50107,1.45615,1.42447,0.88401,0.88506,0.89236,0.89476,0.87646,0.89306,1.79618,1.81482,1.93598,1.77066,1.7179,2.22376,0.46294,0.46734,0.46367,0.46746,0.46171,0.46746,0.79407,0.78135,0.78655,0.77014,0.77334,0.78378,0.90654,0.85769,0.854,0.86969,0.84939,0.83227,1.6042279965621395,1.6610109371856319,1.654250472632407,1.662127803681699,1.653787475419507,1.6069387259281593
3.457520552,0.92976,0.91324,0.906,0.89851,0.92069,0.90709,1.48228,1.51262,1.46886,1.47612,1.5178,1.39997,0.85555,0.87394,0.87743,0.88352,0.86454,0.89132,1.74303,1.76537,1.8212,1.68797,1.66619,1.95412,0.44835,0.45469,0.45669,0.45226,0.45163,0.45638,0.75938,0.76233,0.77445,0.75247,0.75716,0.76236,0.88591,0.85804,0.87572,0.86191,0.8439,0.85582,1.6179466163104355,1.644934222225484,1.618988399521761,1.6535832722642902,1.592348975958048,1.6001086857556375
3.443054005,0.90498,0.89524,0.88742,0.88755,0.91281,0.88234,1.4689,1.52666,1.46095,1.45108,1.51439,1.40357,0.8417,0.8617,0.86402,0.86502,0.86252,0.876,1.7375,1.79564,1.80411,1.66315,1.63501,1.76862,0.43635,0.43731,0.4507,0.43893,0.44307,0.44579,0.7317,0.74203,0.7585,0.73826,0.74229,0.7455,0.89823,0.87963,0.86309,0.86078,0.8644,0.83129,1.5780234402620543,1.595119685948638,1.603948298632076,1.6288975421488472,1.598736203186583,1.6064401047431862
3.428587159,0.88194,0.87667,0.86388,0.8689,0.89632,0.86028,1.44954,1.47594,1.42897,1.40521,1.45359,1.40367,0.83806,0.85164,0.8504,0.84548,0.86331,0.85835,1.71663,1.80939,1.88207,1.6671,1.60427,1.77286,0.42638,0.42437,0.44245,0.43101,0.4346,0.43454,0.71732,0.7255,0.73642,0.72283,0.72489,0.73236,0.85223,0.86173,0.85926,0.86492,0.87393,0.87467,1.5856331520953888,1.5863738766928712,1.564472572322851,1.5853450438469603,1.6073231679381548,1.5766038847473811
3.414120612,0.8567,0.85208,0.84135,0.84607,0.86949,0.84634,1.47694,1.37485,1.37722,1.35201,1.41592,1.38152,0.83357,0.84509,0.83787,0.83216,0.85397,0.84785,1.67421,1.76456,1.91683,1.67359,1.62972,1.86446,0.41669,0.41551,0.43071,0.42501,0.42552,0.4219,0.70781,0.70865,0.70849,0.70788,0.70763,0.71704,0.88857,0.90215,0.88997,0.87095,0.85583,0.85078,1.5766311028987934,1.6037458973046665,1.5766042653298367,1.5571539540534876,1.5749258150141578,1.5267404962999473
3.399654065,0.83065,0.82768,0.82163,0.82537,0.84522,0.82535,1.48952,1.30703,1.33131,1.32159,1.38971,1.35656,0.82581,0.83196,0.82971,0.825,0.82918,0.83763,1.67981,1.75484,1.80039,1.69326,1.7011,1.84618,0.40692,0.4032,0.41816,0.41695,0.41534,0.40959,0.69396,0.68851,0.68396,0.69388,0.69202,0.69628,0.88437,0.86609,0.87632,0.8424,0.86814,0.85878,1.5415302011477992,1.5791451886949694,1.5523470370387846,1.51949267023847,1.5740263604900429,1.5712095139779871
3.385187519,0.80848,0.81049,0.80742,0.81277,0.82536,0.79524,1.4318,1.29385,1.30549,1.30708,1.33651,1.34075,0.81112,0.81728,0.8211,0.81672,0.80213,0.82092,1.67663,1.76985,1.71388,1.70922,1.72915,1.76938,0.39961,0.38932,0.40886,0.40759,0.40475,0.39973,0.67974,0.67148,0.67001,0.68095,0.67492,0.67661,0.90727,0.88846,0.87183,0.87041,0.88661,0.87002,1.527476603985849,1.520295495146226,1.5133977566084906,1.5480173288254717,1.5587126283349046,1.5559135959245285
3.370720972,0.78799,0.79731,0.79286,0.79796,0.80205,0.77064,1.35709,1.30764,1.28271,1.27559,1.28539,1.33194,0.79323,0.81393,0.8063,0.80283,0.79046,0.79953,1.66416,1.68511,1.71704,1.71653,1.67124,1.75778,0.39528,0.38178,0.40169,0.4006,0.39476,0.39153,0.668,0.66355,0.66176,0.66695,0.65348,0.66058,0.9047,0.9046,0.88671,0.8895,0.86573,0.8824,1.5521824281887782,1.5251670395406396,1.5120328120692186,1.5315684651179864,1.5057043097535394,1.531233700035658
3.356254125,0.76995,0.78128,0.77636,0.77516,0.78044,0.76122,1.29762,1.3073,1.24544,1.24906,1.2616,1.31157,0.78553,0.81125,0.79091,0.78899,0.78419,0.78164,1.65848,1.61463,1.76293,1.70807,1.60951,1.7461,0.39106,0.38116,0.39303,0.39378,0.38552,0.3828,0.65509,0.65622,0.6539,0.64925,0.63377,0.6418,0.92627,0.91752,0.90662,0.88158,0.896,0.89419,1.5635102124606917,1.5399937568789308,1.5354354007468556,1.4830362047955974,1.5527880056996857,1.5114953952437107
3.341787579,0.75173,0.75695,0.76689,0.75585,0.76705,0.76096,1.27124,1.2622,1.213,1.25901,1.26813,1.26914,0.79035,0.79465,0.7782,0.78367,0.76908,0.77498,1.63988,1.63376,1.7633,1.6537,1.64285,1.67461,0.38483,0.38036,0.38337,0.38152,0.37719,0.37549,0.64187,0.64296,0.64815,0.6323,0.62067,0.62027,0.92994,0.94234,0.90332,0.89055,0.91858,0.89489,1.490273505143157,1.557849313583639,1.5166797664299942,1.4941647719559519,1.5454674759973777,1.5093152221316202
3.327321032,0.72859,0.73145,0.75208,0.73888,0.75119,0.75274,1.26344,1.20464,1.20547,1.27146,1.2759,1.22398,0.79214,0.77238,0.76757,0.7819,0.75578,0.77131,1.63495,1.6499,1.73723,1.58936,1.71142,1.61618,0.37531,0.37324,0.37406,0.36758,0.37016,0.37115,0.62677,0.63007,0.64067,0.61937,0.61045,0.60441,0.94067,0.92083,0.92035,0.89712,0.88513,0.89349,1.5700765018521232,1.5014881773046667,1.536768973826952,1.484676422821185,1.4954464532186675,1.4998573678741485
3.312854485,0.71048,0.71288,0.7203,0.71899,0.72696,0.72982,1.23379,1.18097,1.2157,1.25138,1.25184,1.19284,0.78375,0.757,0.76461,0.77684,0.74777,0.7575,1.63452,1.58694,1.72943,1.58453,1.68606,1.59486,0.36387,0.36185,0.36413,0.36092,0.364,0.36551,0.60779,0.61678,0.62523,0.60764,0.5999,0.59816,0.9602,0.93885,0.95263,0.91783,0.94301,0.92563,1.5386325328013628,1.521825540765199,1.517047617300839,1.4800028148008388,1.50915357264413,1.5049134516509433
3.298387639,0.70425,0.69905,0.69462,0.70522,0.70677,0.70718,1.19664,1.18699,1.21111,1.22313,1.20529,1.18172,0.76933,0.74914,0.76705,0.7683,0.73949,0.74303,1.57993,1.50597,1.69019,1.64225,1.62228,1.59373,0.35539,0.35075,0.35443,0.36047,0.35792,0.35813,0.59111,0.60011,0.60672,0.59842,0.5892,0.59642,0.93625,0.95353,0.94438,0.94542,0.9031,0.93113,1.4703119020555846,1.4850134097624543,1.5164968955055054,1.5499471348568432,1.4907558763120083,1.5054437558720504
3.283921092,0.70331,0.68845,0.69064,0.69748,0.69966,0.69737,1.17832,1.19456,1.17214,1.20056,1.16659,1.18164,0.75305,0.74364,0.76634,0.75763,0.73671,0.74011,1.50383,1.53361,1.65827,1.68363,1.60328,1.61336,0.35066,0.34071,0.34697,0.35725,0.35212,0.35268,0.58413,0.58739,0.59258,0.59194,0.57928,0.5944,0.98936,0.95426,0.95877,0.9595,0.96388,0.96785,1.5303744154840053,1.4823566342254857,1.5525394698647095,1.5009072141583646,1.5293311593413732,1.4779670992448872
3.269454545,0.70096,0.68112,0.69255,0.69068,0.69748,0.69181,1.15826,1.1781,1.1322,1.16799,1.14489,1.17565,0.74385,0.73955,0.76023,0.74688,0.73954,0.74126,1.4891,1.60637,1.62134,1.66618,1.62971,1.64041,0.34497,0.33308,0.34312,0.34957,0.34643,0.34677,0.58401,0.58173,0.582,0.58226,0.57182,0.59174,0.97635,0.96962,0.98712,0.97905,0.9681,0.97864,1.5345862976953333,1.5478053131751446,1.4914600782616678,1.5125729665810168,1.511259674305192,1.5073433266151026
3.254987999,0.69469,0.67552,0.68555,0.6874,0.68784,0.68046,1.12282,1.14253,1.11453,1.13062,1.13561,1.15923,0.74156,0.73869,0.75017,0.74019,0.74157,0.73856,1.53332,1.59328,1.56728,1.648,1.65677,1.66459,0.33874,0.32861,0.34316,0.34207,0.34072,0.33905,0.57923,0.57524,0.57274,0.57087,0.56568,0.58459,1.02637,0.99044,0.98211,0.98818,0.98494,0.97253,1.5496846713660197,1.5071691142427892,1.5494436991258531,1.5510332511400111,1.5209792686816994,1.5406995646722603
3.240521452,0.68102,0.67176,0.67169,0.68187,0.6731,0.66864,1.08982,1.11491,1.09852,1.10823,1.13149,1.13435,0.74091,0.73639,0.74328,0.74382,0.74606,0.73654,1.57423,1.53614,1.54799,1.64928,1.64272,1.77078,0.33539,0.32718,0.34288,0.33643,0.33521,0.33308,0.56865,0.566,0.56635,0.56509,0.55634,0.57149,1.03456,1.01137,1.01624,1.00384,0.99247,0.99522,1.5562770974556894,1.5316405375815416,1.5680964612564239,1.5301421497262715,1.597279594844258,1.551439981946513
3.226054605,0.66454,0.67002,0.66224,0.66758,0.66231,0.66142,1.076,1.10276,1.0773,1.09464,1.1203,1.10308,0.74781,0.73087,0.74514,0.75192,0.75304,0.73754,1.62554,1.54628,1.57928,1.70529,1.62066,1.80891,0.33195,0.32916,0.33955,0.33174,0.3292,0.32891,0.56088,0.55882,0.56146,0.56343,0.54595,0.55788,1.06073,1.03725,1.04084,1.02551,1.05011,1.0307,1.5827570093550072,1.5684100532406935,1.5621206566282124,1.5585170842317773,1.5456981383429467,1.5727008511274256
3.211588059,0.65461,0.66727,0.66168,0.65276,0.65591,0.65826,1.06786,1.09689,1.06997,1.082,1.09784,1.07675,0.76223,0.73299,0.7494,0.75465,0.75573,0.73715,1.66188,1.61805,1.59691,1.76239,1.63266,1.71673,0.32608,0.33078,0.3348,0.3272,0.32379,0.32679,0.55641,0.55144,0.55317,0.55988,0.54038,0.54466,1.0681,1.05456,1.07185,1.0564,1.0335,1.04931,1.5920932819108546,1.6017673994782382,1.6051974378767697,1.5856878724299948,1.5818203542050342,1.5549820494299946
3.197121512,0.65157,0.66093,0.65768,0.64442,0.64957,0.6561,1.05253,1.0876,1.07092,1.07296,1.07469,1.07076,0.77725,0.74684,0.74847,0.75649,0.75867,0.7365,1.70352,1.64999,1.59977,1.69594,1.64997,1.67252,0.32202,0.3283,0.32876,0.32396,0.32166,0.327,0.55112,0.54243,0.54299,0.55224,0.53905,0.5326,1.08271,1.06504,1.08114,1.05019,1.0632,1.05862,1.6200078452327045,1.5764039856100627,1.5910015622389935,1.5684303592285116,1.5441977929979032,1.603986485916143
3.182654965,0.64995,0.65455,0.64974,0.63942,0.64347,0.65044,1.05004,1.08695,1.06332,1.05652,1.0631,1.07373,0.79199,0.76418,0.75068,0.7647,0.77195,0.74672,1.82385,1.61077,1.62308,1.58937,1.66695,1.68951,0.32224,0.32359,0.32436,0.32354,0.32261,0.32533,0.54493,0.53697,0.53687,0.54256,0.53828,0.52885,1.10499,1.10336,1.07276,1.08112,1.07341,1.0748,1.642909579889879,1.6254653144389102,1.6137545251913998,1.6056761209150494,1.59446728767698,1.615487418287887
3.168188119,0.64604,0.64929,0.65264,0.63575,0.64564,0.64404,1.06027,1.0923,1.05366,1.03926,1.06134,1.06856,0.79981,0.78381,0.76561,0.78091,0.79164,0.77321,1.97658,1.59573,1.61611,1.55219,1.68607,1.69465,0.32367,0.31866,0.32463,0.32503,0.32267,0.32353,0.54233,0.53714,0.53632,0.53627,0.53711,0.53275,1.12342,1.11525,1.10085,1.08557,1.07532,1.10214,1.6538248701861562,1.673448120826429,1.623830203345569,1.6300001299779758,1.6130533494525432,1.6304179221678028
3.153721572,0.6437,0.64395,0.66012,0.63584,0.6573,0.64188,1.06642,1.08685,1.05149,1.04739,1.05403,1.06741,0.80403,0.80769,0.78839,0.80457,0.80746,0.80532,1.8967,1.64293,1.59518,1.60234,1.65074,1.67861,0.32457,0.31572,0.3269,0.32637,0.32008,0.32572,0.54411,0.53839,0.53894,0.53843,0.53944,0.53528,1.14644,1.15766,1.11045,1.12466,1.11626,1.11746,1.6760479536226427,1.6519349363081755,1.6649984710314487,1.613221802691824,1.652384522295599,1.631249853767296
3.139255026,0.6478,0.64347,0.6597,0.6443,0.66945,0.64548,1.07037,1.07469,1.06347,1.07689,1.04142,1.08133,0.82532,0.83259,0.81864,0.83581,0.82516,0.83375,1.74065,1.7208,1.65116,1.71921,1.61299,1.67838,0.32634,0.31902,0.32816,0.3268,0.31859,0.32679,0.54582,0.53797,0.54204,0.54707,0.54731,0.53595,1.15508,1.15017,1.13624,1.13298,1.14577,1.11692,1.7504118848232824,1.691794022925013,1.6904524791725224,1.72880211211012,1.6534493500167802,1.6565676561321452
3.124788479,0.65571,0.65173,0.65739,0.66272,0.67921,0.6551,1.08443,1.08283,1.08897,1.10757,1.05085,1.10376,0.86544,0.86005,0.86093,0.86936,0.85716,0.86804,1.6836,1.73751,1.75759,1.84046,1.68024,1.70577,0.32911,0.32684,0.32641,0.32684,0.32052,0.32555,0.54984,0.54214,0.54451,0.55344,0.55637,0.53922,1.20007,1.18558,1.15791,1.13889,1.139,1.16597,1.6835621591830103,1.709970118458313,1.7230085563293127,1.671243646710017,1.6357681963104354,1.6860163910555834
3.110321932,0.66892,0.66954,0.6657,0.68439,0.68997,0.66834,1.12259,1.1207,1.11528,1.14006,1.09657,1.13355,0.91107,0.89457,0.90444,0.90107,0.90359,0.91517,1.83994,1.83706,1.78206,1.89453,1.90246,1.75822,0.33312,0.33258,0.32352,0.3261,0.32514,0.32862,0.56029,0.55404,0.54924,0.55712,0.56397,0.54515,1.22793,1.19417,1.19193,1.1545,1.16261,1.15047,1.7884790126436036,1.7207139608595392,1.7188318961886795,1.7342904263459111,1.6777645199622628,1.6826324997190758
3.095855086,0.69334,0.69489,0.68929,0.70487,0.7053,0.68688,1.19136,1.15384,1.14559,1.18188,1.1565,1.17193,0.96996,0.94317,0.94254,0.93937,0.95679,0.96537,2.21681,2.01393,1.81172,1.87314,2.2031,1.84624,0.33983,0.33728,0.32725,0.32634,0.33227,0.33628,0.57081,0.56879,0.56121,0.56748,0.57202,0.55555,1.23257,1.20888,1.213,1.19382,1.18878,1.18507,1.7760226256990037,1.7388832632553752,1.758718792722602,1.7061491930844257,1.722308246453068,1.7421278441447303
3.081388539,0.72867,0.71899,0.72046,0.72578,0.72871,0.71084,1.26644,1.17775,1.19533,1.22878,1.19603,1.213,1.04215,1.0124,0.98849,0.98909,1.01022,1.01642,2.22386,2.15213,1.96703,1.8422,2.17646,1.98536,0.34693,0.34625,0.34103,0.333,0.34117,0.34581,0.5794,0.5867,0.58107,0.5882,0.58306,0.57354,1.26282,1.23027,1.19344,1.21667,1.21517,1.18754,1.7810862302459363,1.7404197849292087,1.7931097970912433,1.7524632334425803,1.6854194574787622,1.6950438756911375
3.066921992,0.76872,0.74292,0.75019,0.74859,0.76198,0.73479,1.31836,1.23065,1.25813,1.27568,1.21605,1.2501,1.09713,1.10248,1.06274,1.04446,1.06729,1.07572,2.08297,2.08698,2.0927,1.84754,2.1704,2.19385,0.35409,0.35994,0.3597,0.34642,0.35131,0.35694,0.59494,0.61283,0.60415,0.61679,0.60054,0.5981,1.26249,1.24297,1.21654,1.21146,1.19726,1.20282,1.7788203922515728,1.7415495956897264,1.795844467505241,1.7560728247714883,1.7140991259203358,1.7557896669685553
3.052455446,0.80675,0.77577,0.77687,0.7856,0.8024,0.76842,1.36216,1.31664,1.30926,1.32714,1.26191,1.29732,1.13345,1.21051,1.16565,1.09895,1.14282,1.14069,2.23911,1.98285,2.03935,1.93751,2.39498,2.22109,0.37031,0.37642,0.37939,0.36381,0.36414,0.37038,0.62452,0.6503,0.63093,0.65247,0.63198,0.6329,1.27361,1.26597,1.23503,1.23463,1.24531,1.23295,1.7873983033885683,1.7970428537115888,1.7812554531347666,1.722775993691662,1.7223038384299947,1.6950837057871002
3.037988899,0.84113,0.81411,0.80859,0.84524,0.84222,0.81842,1.39287,1.39796,1.35596,1.38389,1.34281,1.38789,1.19101,1.30763,1.24544,1.156,1.23619,1.20162,2.06965,2.16109,2.02127,2.28615,2.46644,2.04576,0.39788,0.39507,0.40164,0.38937,0.38339,0.39055,0.67263,0.70112,0.67119,0.69662,0.68483,0.68701,1.30652,1.27923,1.25314,1.23671,1.25059,1.23852,1.7735706867246985,1.7721983419606713,1.7782595107388568,1.7681799731468275,1.7657296793078132,1.7012113484614577
3.023522052,0.87431,0.85507,0.85809,0.90157,0.87961,0.86902,1.40858,1.45911,1.45358,1.41348,1.40663,1.51409,1.27761,1.3644,1.26726,1.22919,1.3202,1.26589,1.89767,2.52602,2.15379,2.19191,2.18663,2.09262,0.42852,0.42161,0.42942,0.42596,0.41347,0.42102,0.74012,0.76903,0.73189,0.7522,0.75455,0.75687,1.29539,1.28228,1.28588,1.28048,1.25767,1.23513,1.7891945651536443,1.8127365795909802,1.7111871577766125,1.77476968310645,1.715839969946513,1.7310619194001042
3.009055506,0.90035,0.89534,0.91718,0.92747,0.9176,0.91438,1.42287,1.4936,1.58693,1.42722,1.45736,1.61454,1.35123,1.38588,1.29245,1.29886,1.37282,1.33326,2.01159,2.1534,2.42262,2.12859,2.04366,2.38179,0.46259,0.46089,0.46238,0.46895,0.45376,0.4579,0.82121,0.8527,0.81198,0.82217,0.82191,0.82615,1.30094,1.29421,1.27391,1.27916,1.28442,1.27708,1.7724824237954908,1.7398400382170953,1.7386879360996332,1.7474101278940743,1.7343403683230205,1.7145215559370737
2.994588959,0.91045,0.91888,0.94404,0.93652,0.94389,0.95469,1.47409,1.45078,1.63374,1.48197,1.5337,1.6369,1.37611,1.38775,1.3453,1.33745,1.39134,1.37558,2.16479,1.89699,2.53992,2.34846,2.00327,2.4167,0.50318,0.5029,0.49706,0.51006,0.49785,0.49618,0.91051,0.93281,0.90908,0.90007,0.87845,0.89077,1.29966,1.29949,1.28505,1.29077,1.26421,1.25471,1.6948157570985323,1.7238918373296659,1.7450461791813405,1.7384781458878422,1.7079592135131052,1.682845011695495
2.980122412,0.91547,0.92646,0.9329,0.94319,0.9404,0.96317,1.59228,1.39931,1.61186,1.5683,1.58892,1.58523,1.36216,1.38824,1.36956,1.35212,1.37852,1.37979,2.64563,2.0775,2.1736,2.23358,2.01031,2.11934,0.54274,0.53789,0.53445,0.53987,0.53986,0.53401,0.9954,0.9902,1.00727,0.97939,0.94184,0.96227,1.34556,1.33432,1.31219,1.30701,1.29088,1.29668,1.707771491286838,1.7258823487781856,1.7127192322412166,1.6620890873266911,1.705024730248558,1.6857055780828527
2.965655566,0.92404,0.93155,0.91553,0.93624,0.91625,0.93259,1.64405,1.43687,1.56024,1.59081,1.5886,1.5572,1.33191,1.39379,1.35356,1.35334,1.34978,1.35425,2.09536,2.08966,2.07688,2.02869,2.24358,1.93531,0.57505,0.56544,0.57145,0.56068,0.57521,0.56399,1.06039,1.04041,1.06667,1.06223,1.01165,1.0263,1.31503,1.31046,1.29596,1.31218,1.29889,1.2637,1.6753283897063453,1.66162662771054,1.6651824840094391,1.664646476228631,1.6911049131305713,1.6311578425327742
2.951189019,0.91742,0.91839,0.90692,0.90409,0.89261,0.89802,1.54131,1.48563,1.48188,1.54106,1.53061,1.58354,1.3048,1.4022,1.32098,1.32426,1.30584,1.30283,1.90311,2.01716,2.03516,1.97708,2.14991,1.93608,0.60221,0.58304,0.59401,0.57851,0.59939,0.57826,1.10272,1.08821,1.08059,1.12163,1.05031,1.05023,1.34387,1.33287,1.31359,1.32292,1.30706,1.29424,1.6844759867075474,1.631503781674528,1.6532926196415096,1.6351694214858483,1.662675775014151,1.6328157342405665
2.936722472,0.88759,0.87619,0.88815,0.8658,0.869,0.87306,1.41356,1.45589,1.39407,1.48643,1.42078,1.54701,1.26901,1.34285,1.26096,1.26822,1.22516,1.2442,1.96072,2.13143,1.89658,1.98432,2.04975,2.03642,0.61733,0.59024,0.60215,0.58656,0.60957,0.58278,1.11557,1.11154,1.08746,1.12753,1.05694,1.05499,1.34455,1.33266,1.32105,1.32683,1.3077,1.30028,1.6447040752427897,1.6753246769837429,1.6235325505149445,1.6116367906701619,1.6316426589994755,1.6269439780346093
2.922255926,0.85099,0.82728,0.84269,0.83794,0.83895,0.84155,1.34122,1.40847,1.32337,1.42362,1.32573,1.43265,1.18649,1.23933,1.17577,1.19283,1.14136,1.18554,2.15065,2.09294,1.80468,2.04483,2.12726,2.07854,0.61277,0.59127,0.60697,0.5838,0.60495,0.58738,1.1024,1.12458,1.09596,1.1103,1.07054,1.07331,1.35189,1.33042,1.32172,1.33686,1.30943,1.30013,1.6101774864488734,1.612828721043523,1.6053262307477716,1.5871621681604617,1.615496560921868,1.570872840931307
2.907789379,0.80935,0.78985,0.7908,0.8085,0.80976,0.79986,1.31226,1.36809,1.29882,1.36102,1.29714,1.34477,1.09411,1.13306,1.10018,1.11075,1.10225,1.12723,2.31301,2.13189,1.85216,2.07845,1.96454,2.11171,0.60344,0.59103,0.60706,0.5826,0.59409,0.59115,1.10155,1.13454,1.08425,1.09817,1.08811,1.0871,1.36681,1.36993,1.33139,1.31715,1.32573,1.31707,1.5778427288359538,1.6067822257321802,1.5873087723160377,1.5875176505943396,1.6068460107683438,1.552015845187107
2.893322532,0.75997,0.76732,0.75468,0.76873,0.78432,0.75785,1.26365,1.29208,1.30598,1.30782,1.29693,1.30226,1.03158,1.04079,1.04428,1.03754,1.0821,1.06875,2.05205,2.07449,1.89336,2.2611,1.91725,2.44908,0.60032,0.59007,0.60335,0.5896,0.58924,0.58822,1.11956,1.11136,1.06788,1.09357,1.09986,1.07588,1.35315,1.32936,1.34112,1.33657,1.32782,1.30722,1.5561788764614573,1.5836750589428423,1.556224680253802,1.5573965912406924,1.5537164254200315,1.540597254244363
2.878855986,0.71958,0.74409,0.7301,0.72728,0.75127,0.72247,1.186,1.21773,1.2954,1.25598,1.26278,1.26928,0.97779,0.96965,0.99521,0.97901,1.0323,1.00167,1.89579,2.10937,2.14523,2.25893,2.07361,1.92287,0.59865,0.58509,0.60125,0.59615,0.58923,0.58091,1.1154,1.07066,1.07954,1.09114,1.12087,1.04956,1.35632,1.34702,1.31407,1.32443,1.31549,1.29932,1.5302870857042483,1.5342525857084433,1.548105062637651,1.5393308959444159,1.4913499604373364,1.515103743875197
2.864389439,0.69734,0.70401,0.7035,0.69559,0.70843,0.69834,1.13264,1.17475,1.24939,1.1905,1.21707,1.21418,0.92685,0.92509,0.95299,0.93037,0.96671,0.93482,1.88385,2.17558,2.00686,1.98101,2.30052,1.69366,0.5912,0.57458,0.59264,0.59116,0.58385,0.57698,1.08608,1.05407,1.09866,1.07058,1.12275,1.03056,1.38586,1.35922,1.3422,1.34812,1.35374,1.31558,1.5302215657762057,1.501154409940776,1.5071675372321802,1.5000094024811323,1.520591646958595,1.4931716402028299
2.849922892,0.68247,0.66862,0.67632,0.67647,0.67163,0.68178,1.13186,1.14072,1.18882,1.12798,1.18262,1.15139,0.88025,0.89605,0.91583,0.88301,0.90841,0.88306,2.06994,2.26227,1.88698,1.8965,1.90288,1.64496,0.57389,0.55944,0.57345,0.57806,0.57056,0.57589,1.06169,1.05295,1.08243,1.03183,1.08536,1.02852,1.36322,1.32879,1.3279,1.3397,1.32589,1.315,1.480635446389093,1.46916477894494,1.4374470590015733,1.4506427937220767,1.485304151079182,1.4641692353791294
2.835456046,0.66519,0.65309,0.66152,0.66284,0.64907,0.665,1.13804,1.10925,1.12185,1.08885,1.13613,1.11346,0.84251,0.86521,0.87149,0.8401,0.85996,0.83904,1.77078,2.0479,1.91882,1.93188,1.67803,1.69295,0.55525,0.54634,0.5553,0.56445,0.55463,0.56836,1.03387,1.02686,1.02795,0.99593,1.03136,1.02643,1.38162,1.34987,1.35108,1.32794,1.33118,1.32716,1.4693443510896698,1.46811980355742,1.463067158852648,1.4678791868914525,1.4525855686491873,1.430657491982171
2.820989499,0.64463,0.64104,0.65896,0.65108,0.63439,0.64742,1.09841,1.08745,1.06119,1.06283,1.10342,1.08851,0.82132,0.82575,0.82556,0.80448,0.81921,0.79486,1.6294,1.87175,1.94628,1.78035,1.69033,1.65181,0.54011,0.53882,0.5428,0.55034,0.53634,0.54984,0.98115,0.96565,0.95914,0.95862,0.96888,0.99368,1.36851,1.35541,1.35911,1.34498,1.32748,1.32903,1.4295013349187202,1.4239637459239645,1.4213806117797587,1.403665508371264,1.4162453315406398,1.4147933231447303
2.806522952,0.62603,0.62629,0.64572,0.64059,0.61883,0.62949,1.04992,1.06302,1.02284,1.04123,1.08986,1.05734,0.79596,0.7808,0.78822,0.76843,0.79051,0.75961,1.57059,1.79726,1.66739,1.64075,1.7644,1.55052,0.52107,0.52683,0.53005,0.53401,0.51428,0.52707,0.91864,0.90088,0.90657,0.91568,0.90975,0.93398,1.36541,1.34955,1.34404,1.33714,1.34847,1.31998,1.3993139873560565,1.4109162630435237,1.3664151697283693,1.384754044098584,1.3927799894871526,1.3861928626953328
2.792056406,0.6122,0.61339,0.6197,0.62173,0.60109,0.61262,1.01538,1.01837,1.00304,1.01965,1.04444,1.02687,0.75629,0.73569,0.75409,0.73687,0.76502,0.73509,1.49143,1.55911,1.51537,1.58215,1.7086,1.49674,0.49718,0.50445,0.51569,0.51559,0.49244,0.50502,0.87199,0.85608,0.87757,0.87681,0.86733,0.87334,1.3781,1.34056,1.33879,1.36343,1.33286,1.30758,1.3846803943534347,1.3742891142558993,1.3629773294347134,1.3564335000755106,1.360909025762978,1.3459015278762454
2.777589859,0.60248,0.59728,0.59966,0.59283,0.58356,0.59648,0.98846,0.97933,0.9865,0.99378,0.97918,0.99813,0.72132,0.69667,0.71891,0.71916,0.73226,0.71563,1.44465,1.44745,1.44514,1.5515,1.57519,1.41544,0.47378,0.48144,0.49742,0.49159,0.47157,0.48016,0.84731,0.82765,0.8524,0.83869,0.83157,0.82288,1.34825,1.34087,1.31358,1.31231,1.32358,1.32334,1.3511559284955428,1.3547510465957,1.3341281091237547,1.3227699246166753,1.3488035385904562,1.338663349703723
2.763123012,0.59562,0.57888,0.58524,0.5689,0.56674,0.57551,0.97776,0.96965,0.96195,0.97293,0.9418,0.96999,0.69362,0.67492,0.69179,0.70336,0.69695,0.70063,1.46556,1.40132,1.40589,1.5063,1.45386,1.33765,0.45649,0.46283,0.46956,0.46027,0.45176,0.4538,0.81729,0.80221,0.81526,0.79039,0.79031,0.78118,1.37361,1.35054,1.32571,1.33636,1.32592,1.30034,1.3524235965222857,1.3272186094200313,1.3252825437252223,1.2861114136801257,1.3003215624729938,1.3089159926502358
2.748656466,0.57952,0.5636,0.56385,0.55891,0.54968,0.55291,0.96941,0.96931,0.93507,0.95671,0.92376,0.93703,0.6697,0.66873,0.67718,0.67741,0.67053,0.68019,1.46267,1.37428,1.38163,1.45137,1.39386,1.32905,0.44434,0.4441,0.44006,0.43216,0.43755,0.43396,0.76393,0.76786,0.76966,0.73735,0.74954,0.74019,1.35284,1.33493,1.33722,1.31413,1.32366,1.31997,1.3306416786635216,1.3071352290628926,1.3124153437452837,1.3182118362578614,1.3105696883616353,1.2792236189528292
2.734189919,0.55324,0.54738,0.53193,0.55442,0.53154,0.53421,0.94178,0.95019,0.91642,0.92904,0.8981,0.90167,0.64853,0.65896,0.66021,0.65283,0.65006,0.64902,1.38821,1.31942,1.3741,1.36707,1.36695,1.35079,0.42873,0.42432,0.42185,0.41522,0.42497,0.41857,0.71217,0.71774,0.71855,0.69393,0.71327,0.70226,1.35334,1.33859,1.31873,1.31513,1.29985,1.30911,1.28103741743786,1.2616991959449397,1.2631949255521755,1.2664082691609855,1.245899059546408,1.2636926825044572
2.719723372,0.53218,0.52965,0.50578,0.54157,0.51822,0.51694,0.8991,0.92229,0.89541,0.89318,0.86619,0.8729,0.62095,0.64079,0.63219,0.6397,0.6293,0.62175,1.30389,1.27286,1.37412,1.28971,1.31762,1.33759,0.40747,0.40643,0.41102,0.40298,0.40542,0.4007,0.67666,0.66486,0.66794,0.66513,0.67857,0.67504,1.31987,1.32921,1.31943,1.31218,1.2995,1.2967,1.2771640038405871,1.2667872803859455,1.2539578813529093,1.2582284724635553,1.241803421417932,1.2458394933319343
2.705256526,0.51618,0.51817,0.50097,0.51881,0.51485,0.49838,0.85891,0.89487,0.86188,0.86943,0.83433,0.84756,0.5924,0.62344,0.60498,0.62641,0.61105,0.60437,1.22582,1.24326,1.33759,1.24973,1.25599,1.29647,0.38351,0.3906,0.39674,0.38809,0.38601,0.38397,0.64976,0.63331,0.63502,0.64473,0.64771,0.65234,1.33453,1.31249,1.30492,1.31488,1.30393,1.30106,1.2484908080220127,1.2515093076603774,1.230944461490566,1.2369351052410902,1.2259229452085953,1.2220832825387842
2.690789979,0.49457,0.5111,0.50529,0.49508,0.50884,0.47935,0.83462,0.85893,0.83439,0.85426,0.80854,0.82442,0.57167,0.60386,0.58651,0.60467,0.59313,0.59157,1.16043,1.21869,1.29179,1.23469,1.21856,1.23825,0.36188,0.37366,0.3796,0.37162,0.37735,0.37126,0.62755,0.62447,0.62267,0.6253,0.62252,0.6285,1.32081,1.30626,1.32483,1.30183,1.28024,1.28276,1.2383241245222865,1.225804634753015,1.2048995629648658,1.2008166772212892,1.19624774941269,1.1891652796366012
2.676323432,0.47914,0.5002,0.50201,0.47864,0.49247,0.46828,0.82575,0.82227,0.82178,0.83401,0.79865,0.81556,0.56201,0.58085,0.57437,0.58034,0.57363,0.5801,1.12428,1.17014,1.25206,1.22647,1.19581,1.18866,0.34981,0.35653,0.36621,0.35607,0.37312,0.35945,0.61066,0.61555,0.61477,0.60588,0.60104,0.60768,1.31111,1.30094,1.28556,1.28524,1.26907,1.2871,1.226338234026218,1.1994017105401147,1.1989709754882016,1.185144889665443,1.1533230492165685,1.168178716010488
2.661856886,0.48537,0.48585,0.49015,0.47192,0.47753,0.46948,0.80586,0.80346,0.8127,0.81225,0.79531,0.8176,0.56374,0.56366,0.56205,0.56184,0.56047,0.56815,1.10712,1.11602,1.20607,1.20697,1.17079,1.16276,0.34373,0.34308,0.35648,0.34554,0.36221,0.34935,0.59598,0.59299,0.60063,0.59306,0.58278,0.58972,1.30875,1.29086,1.28596,1.26603,1.26603,1.25912,1.1886820806719072,1.1978876304758912,1.1763560502002097,1.1669290681802928,1.1667350617872116,1.1555241469821798
2.647390339,0.49859,0.47235,0.47221,0.46755,0.46745,0.47027,0.76647,0.79505,0.7886,0.78824,0.78636,0.8049,0.56614,0.55315,0.54538,0.55097,0.55543,0.55689,1.10312,1.10522,1.1738,1.16304,1.13962,1.14445,0.33709,0.33374,0.3462,0.34314,0.34739,0.3427,0.58219,0.56894,0.58297,0.59109,0.57107,0.5757,1.28454,1.27154,1.26254,1.24995,1.26327,1.23663,1.1719622561725223,1.1533504639129524,1.12863200381699,1.1259519078940745,1.1377738039486103,1.139545725364971
2.632923492,0.49101,0.46183,0.45627,0.45829,0.45715,0.46315,0.73959,0.77919,0.75101,0.76099,0.78113,0.77378,0.55791,0.54261,0.528,0.53979,0.54929,0.54432,1.0905,1.13433,1.16428,1.12648,1.11526,1.12926,0.33323,0.33039,0.33775,0.34396,0.33777,0.33848,0.57478,0.55967,0.57288,0.5917,0.56853,0.57058,1.27482,1.2546,1.25328,1.24318,1.23952,1.24373,1.1410240789533301,1.1426259948232833,1.1351790945715774,1.1475550357776623,1.1155145219549034,1.1097761738479286
2.618456946,0.46121,0.45282,0.44791,0.44731,0.44674,0.45398,0.73751,0.75924,0.72215,0.735,0.77717,0.7531,0.54136,0.52834,0.51671,0.52679,0.53437,0.52763,1.0625,1.14681,1.16228,1.10336,1.10226,1.11922,0.33228,0.33374,0.33649,0.34246,0.33321,0.3365,0.5765,0.56422,0.57708,0.58317,0.57298,0.57076,1.26796,1.25802,1.24553,1.23376,1.22886,1.22434,1.1371799221603756,1.1061453835283013,1.0996903140660366,1.1009180464150938,1.0961493704716971,1.0931570841603766
2.603990399,0.43178,0.44058,0.442,0.43876,0.43639,0.44096,0.7375,0.74525,0.7073,0.71054,0.75604,0.74956,0.52189,0.51268,0.51709,0.51622,0.51729,0.51713,1.05316,1.10526,1.16178,1.07747,1.08267,1.10304,0.32848,0.33745,0.33933,0.33771,0.33065,0.33572,0.5781,0.56725,0.58521,0.56923,0.57627,0.57108,1.26034,1.23867,1.22413,1.22892,1.20382,1.21784,1.0939807201971676,1.0858004668400636,1.0853314507079181,1.0830860073387523,1.089411809585737,1.0803360363943366
2.589523852,0.41718,0.4253,0.43805,0.43308,0.42657,0.42539,0.72412,0.73266,0.70063,0.69895,0.73336,0.73912,0.50645,0.50486,0.52267,0.50773,0.51021,0.51874,1.06975,1.05777,1.13732,1.07019,1.0611,1.09484,0.32128,0.33727,0.33879,0.33054,0.33005,0.33363,0.56976,0.56044,0.58357,0.56275,0.57142,0.56717,1.23588,1.22468,1.21844,1.21023,1.21991,1.20999,1.0800881968851606,1.089685446844258,1.0751329556077611,1.0709374126103832,1.051118148312533,1.073337246997378
2.575057006,0.41238,0.41499,0.43647,0.42878,0.42146,0.41946,0.71196,0.71947,0.69536,0.71136,0.72917,0.71848,0.49974,0.50901,0.51789,0.501,0.51188,0.52177,1.09872,1.05055,1.07238,1.10074,1.04465,1.11251,0.31471,0.33108,0.33455,0.3236,0.32639,0.32861,0.55609,0.55376,0.57192,0.56062,0.56193,0.55786,1.21088,1.21488,1.2228,1.19002,1.19374,1.18302,1.063596653558469,1.0595008761426328,1.0415085621279507,1.0603116635144196,1.0458034781436818,1.0403303327624556
2.560590459,0.40894,0.41195,0.4332,0.42143,0.42255,0.42291,0.70779,0.71017,0.68099,0.7272,0.72571,0.70311,0.50023,0.51604,0.50537,0.50019,0.50894,0.52147,1.12977,1.07549,1.01712,1.13468,1.04287,1.12554,0.30966,0.31797,0.3286,0.31966,0.31914,0.3206,0.54858,0.55355,0.55595,0.55094,0.54754,0.55102,1.22109,1.19293,1.1989,1.19086,1.18815,1.20061,1.0432919354703722,1.0415363837551137,1.02800207664237,1.0346756197923448,1.0414046874278975,1.023694684746198
2.546123912,0.40778,0.40992,0.42579,0.4118,0.42223,0.42029,0.7002,0.69874,0.65835,0.71848,0.70857,0.69468,0.50507,0.51816,0.49966,0.50914,0.49993,0.52354,1.15879,1.10793,1.02008,1.1205,1.06901,1.11223,0.30616,0.30618,0.32242,0.32059,0.3159,0.3113,0.54996,0.55413,0.54338,0.53864,0.52713,0.54567,1.18338,1.18501,1.17197,1.18266,1.16802,1.16356,1.0295040078573674,1.0147395733780806,1.0344038993518616,1.0095249420870478,1.0087007421331935,1.002390674523335
2.531657366,0.4137,0.40648,0.41263,0.40568,0.41349,0.40863,0.6975,0.68132,0.64684,0.69952,0.69016,0.68867,0.50822,0.51765,0.50409,0.52135,0.50268,0.52884,1.18134,1.13295,1.07254,1.09571,1.1129,1.08744,0.30688,0.30253,0.32221,0.32562,0.31596,0.30693,0.5526,0.54934,0.54076,0.53616,0.51623,0.53743,1.19889,1.16874,1.17464,1.17121,1.17502,1.15941,1.0142518786858954,1.0075194764153126,0.9946378759191405,0.9952596699130575,0.9865597591509185,0.9954765337594129
2.517190819,0.42264,0.40564,0.39816,0.40312,0.4032,0.40093,0.70718,0.6681,0.65097,0.6896,0.67579,0.6863,0.51313,0.52203,0.5174,0.53178,0.52621,0.5376,1.17453,1.14955,1.13248,1.11216,1.14701,1.07925,0.31051,0.305,0.32926,0.33009,0.31544,0.31171,0.548,0.54342,0.54682,0.54113,0.52351,0.53818,1.16996,1.16696,1.17497,1.15375,1.15009,1.13887,0.9901446233154694,0.9814066293687468,0.983110316303461,0.9805111596960672,0.9657712987086522,0.9738675034771893
2.502723972,0.42263,0.40998,0.3884,0.39901,0.40016,0.3995,0.70562,0.66332,0.65405,0.67794,0.66437,0.68298,0.537,0.53594,0.53881,0.54421,0.56025,0.55177,1.17774,1.15375,1.16696,1.15172,1.15596,1.12195,0.31607,0.31382,0.33579,0.33213,0.31897,0.32023,0.54609,0.55091,0.56122,0.54656,0.54011,0.55637,1.16791,1.154,1.14085,1.15078,1.15079,1.16256,0.9657804241345912,0.972265522855346,0.9574783296955974,0.9653227513433963,0.9602507018823898,0.9526273343918239
2.488257426,0.40998,0.41054,0.37945,0.39206,0.4015,0.39841,0.67949,0.66152,0.64699,0.65926,0.65854,0.6732,0.57236,0.55816,0.5627,0.56055,0.59418,0.57138,1.23717,1.16713,1.19745,1.18829,1.16691,1.20369,0.32705,0.3294,0.33854,0.33585,0.32975,0.32921,0.56082,0.57336,0.57846,0.55731,0.56153,0.58077,1.16132,1.15118,1.14944,1.14614,1.13196,1.13281,0.9689756246729944,0.9560010661003673,0.9575824497912956,0.9553440207018354,0.9565536397559516,0.9470226000743581
2.473790879,0.39304,0.39759,0.37163,0.38808,0.4006,0.39312,0.64224,0.65862,0.63455,0.64189,0.65243,0.65899,0.59924,0.59403,0.58857,0.58413,0.62693,0.59767,1.31882,1.263,1.27116,1.23615,1.19116,1.2778,0.34328,0.35063,0.34437,0.34684,0.34595,0.34414,0.59049,0.60097,0.59533,0.58371,0.59255,0.60069,1.13771,1.14113,1.13149,1.12833,1.12633,1.14846,0.9347822990309388,0.9425676142534347,0.9230831150092292,0.9376487286447822,0.9297712939898793,0.930870468596906
2.459324332,0.38248,0.37989,0.37145,0.38595,0.39677,0.3811,0.60862,0.65489,0.62652,0.6274,0.64393,0.64492,0.62954,0.65091,0.62483,0.62463,0.65911,0.62978,1.43775,1.43071,1.37281,1.28395,1.24712,1.31629,0.36909,0.38056,0.36551,0.36984,0.37057,0.36869,0.63882,0.6381,0.62895,0.6335,0.63947,0.63108,1.13567,1.12834,1.1458,1.11146,1.12044,1.10491,0.9309016313962261,0.9089419600584904,0.9111059803312367,0.9131966928568135,0.9184909388389935,0.9026042754922433
2.444857486,0.38375,0.36889,0.37354,0.37889,0.39103,0.37113,0.59503,0.64541,0.62912,0.61556,0.64213,0.63337,0.67615,0.71809,0.67149,0.68456,0.69112,0.66827,1.5365,1.533,1.47001,1.32822,1.38861,1.32537,0.42042,0.42477,0.41056,0.41356,0.4114,0.40899,0.72202,0.69997,0.70225,0.71417,0.71631,0.69914,1.11695,1.12685,1.09924,1.13376,1.11358,1.11446,0.9234677951522811,0.919087169924174,0.9013137671679078,0.88906644883828,0.9064826297605664,0.9030995007492397
2.430390939,0.38791,0.36457,0.36973,0.37235,0.38043,0.37143,0.60253,0.63311,0.63577,0.6101,0.64309,0.62237,0.73492,0.7725,0.7182,0.74188,0.72901,0.71795,1.62517,1.50137,1.56589,1.40447,1.64729,1.3719,0.50505,0.49606,0.48052,0.49002,0.47792,0.47409,0.85816,0.8044,0.8314,0.84149,0.83952,0.8232,1.12252,1.13147,1.10792,1.12007,1.11226,1.1234,0.9033355169614254,0.8986416400311319,0.8882191838684488,0.8936163872458069,0.8972694110861108,0.8776923922802412
2.415924392,0.38026,0.36369,0.36038,0.37115,0.36547,0.37695,0.61044,0.63464,0.63327,0.61186,0.63622,0.61206,0.79156,0.80382,0.76149,0.77481,0.77438,0.77565,1.73527,1.52411,1.67811,1.52102,1.99238,1.49361,0.6121,0.59577,0.57599,0.5905,0.57361,0.5591,1.05293,0.97221,1.01841,1.01708,1.01014,1.01384,1.11587,1.12778,1.10427,1.11366,1.08262,1.09013,0.8797463430842768,0.8704833334138364,0.8744742263974843,0.8747282888419287,0.8649212364754717,0.8701526678356395
2.401457846,0.36407,0.3623,0.34946,0.37031,0.35361,0.38022,0.60901,0.64655,0.61857,0.61599,0.62737,0.60642,0.80533,0.81672,0.79814,0.79053,0.80945,0.81878,1.7818,1.65069,1.83283,1.58761,2.10283,1.67648,0.7054,0.67626,0.67598,0.67395,0.66581,0.64137,1.23574,1.17387,1.2107,1.17499,1.19869,1.24072,1.10814,1.0983,1.0996,1.11115,1.08659,1.09574,0.8774428900651285,0.8652977788366017,0.8645822748326168,0.8623974763170424,0.8661579957990561,0.8674733085789198
2.386991299,0.3541,0.35963,0.34463,0.36922,0.3486,0.37846,0.60888,0.64582,0.60265,0.62039,0.6185,0.60159,0.7657,0.81583,0.81517,0.78755,0.81514,0.82413,1.65803,1.62481,1.82132,1.53307,1.96748,1.65445,0.7198,0.67557,0.70969,0.69282,0.68373,0.68172,1.26864,1.2344,1.2628,1.17201,1.26521,1.31818,1.11479,1.10781,1.09676,1.1046,1.08425,1.09082,0.8683444837280025,0.8572465532203463,0.8458083240541168,0.8522127957281072,0.8507280400884636,0.8299512506558471
2.372524452,0.35599,0.35778,0.35049,0.36978,0.34857,0.37371,0.61464,0.6339,0.5962,0.62136,0.59927,0.59413,0.71936,0.79789,0.80627,0.76107,0.79307,0.79574,1.48373,1.60747,1.79809,1.46857,1.62279,1.57908,0.64083,0.60782,0.6493,0.63192,0.61776,0.64204,1.12344,1.0778,1.12864,1.0258,1.11404,1.14858,1.09425,1.1053,1.08148,1.09983,1.09079,1.09111,0.8308647925,0.8392757866584907,0.8335306137962264,0.8356681526320752,0.833031991743396,0.8419342382660375
2.358057906,0.36442,0.35226,0.35958,0.36692,0.35184,0.37107,0.61705,0.62012,0.59839,0.60945,0.58028,0.58748,0.69804,0.7635,0.77836,0.7303,0.75761,0.76024,1.41002,1.67974,1.68634,1.48318,1.4802,1.57111,0.53266,0.52405,0.55313,0.53269,0.528,0.5472,0.92987,0.88714,0.93015,0.87775,0.92642,0.94177,1.09899,1.08708,1.0991,1.08932,1.07943,1.08071,0.8333847628520189,0.8351102543880438,0.8278744767970634,0.8130478613651807,0.8137745323558467,0.8236903769998952
2.343591359,0.36982,0.34039,0.35836,0.35636,0.35697,0.37136,0.6069,0.59821,0.59896,0.59054,0.57909,0.58331,0.70583,0.72602,0.74501,0.71755,0.73258,0.74262,1.4264,1.67896,1.5944,1.50926,1.49052,1.50254,0.44679,0.45091,0.46496,0.44294,0.45018,0.45684,0.78158,0.74057,0.76788,0.75353,0.78031,0.78193,1.09245,1.10809,1.08777,1.07126,1.08269,1.0813,0.8206219297583115,0.8096467306903513,0.8093657018580492,0.8031325237359203,0.8154168324351337,0.8135953649552176
2.329124812,0.3635,0.33125,0.35154,0.34665,0.36147,0.36749,0.58939,0.57567,0.59394,0.58038,0.58934,0.58179,0.72758,0.70025,0.73898,0.72448,0.73197,0.75899,1.48798,1.52433,1.58154,1.55843,1.49122,1.58805,0.38916,0.38735,0.39883,0.37939,0.38993,0.39185,0.67954,0.63424,0.66041,0.64087,0.66555,0.66284,1.0874,1.08347,1.0743,1.08447,1.06054,1.06544,0.8154618224551649,0.8004575319710537,0.8059955171410584,0.7835843296356579,0.787021004721762,0.7988258371911897
2.314657966,0.34683,0.33529,0.35473,0.34676,0.36049,0.35638,0.57679,0.57006,0.59147,0.58015,0.59654,0.57829,0.74019,0.70394,0.77612,0.74491,0.7458,0.79606,1.45588,1.43869,1.66102,1.63446,1.4714,1.87901,0.34263,0.3361,0.3535,0.33947,0.34124,0.34264,0.59837,0.55655,0.59008,0.55352,0.57824,0.57319,1.09793,1.08646,1.07983,1.07747,1.06611,1.06587,0.7921880012023073,0.7919709218223389,0.7924969113987415,0.7851865831717884,0.7911285460123757,0.7760298965315156
2.300191419,0.33246,0.34671,0.36135,0.35247,0.3521,0.34432,0.57712,0.57517,0.58538,0.5771,0.59492,0.56579,0.75571,0.74086,0.8306,0.78446,0.77446,0.8279,1.44474,1.46218,1.74373,1.71934,1.49446,1.80657,0.30239,0.30075,0.31837,0.31135,0.30185,0.3,0.52376,0.50265,0.53544,0.50043,0.51434,0.50935,1.07603,1.0703,1.07832,1.06695,1.05949,1.05795,0.7904862021145254,0.7740790335490823,0.7803454268674357,0.7717469510878866,0.7797412875026744,0.7760477887557943
2.285724872,0.32755,0.34839,0.34935,0.35388,0.34328,0.33819,0.58628,0.56733,0.56792,0.56371,0.58884,0.55109,0.81939,0.79976,0.87999,0.85008,0.83309,0.8725,1.47166,1.62807,1.86053,1.82417,1.57019,1.72487,0.27515,0.27396,0.28443,0.28539,0.27645,0.26942,0.46019,0.46305,0.48593,0.46682,0.46736,0.46374,1.06536,1.062,1.05615,1.05826,1.05351,1.05136,0.7698726178957525,0.7566050279995805,0.772766526284216,0.7532706489749345,0.7560502705673833,0.7553509704952281
2.271258326,0.327,0.33821,0.32031,0.34896,0.33764,0.33996,0.58255,0.55101,0.54945,0.55471,0.58812,0.55215,0.9219,0.88561,0.929,0.93913,0.91426,0.95076,1.57878,1.66774,1.86738,1.90415,1.69873,1.78794,0.25835,0.24952,0.25289,0.26379,0.26385,0.25491,0.41953,0.42953,0.44615,0.4362,0.43696,0.43089,1.08007,1.06747,1.0627,1.05925,1.02382,1.04685,0.7504599920760358,0.7486544805107497,0.7564957121942316,0.7476934346594648,0.7515428269733611,0.7402974260336653
2.256791779,0.32769,0.32982,0.29941,0.34268,0.33437,0.34207,0.56148,0.54988,0.54036,0.5639,0.59068,0.56477,0.98569,0.98936,0.98649,1.02043,1.01214,1.02405,1.96633,1.75902,1.79717,2.09142,1.80325,1.84448,0.24434,0.23212,0.23125,0.25036,0.25445,0.24642,0.40039,0.40029,0.42057,0.40965,0.41729,0.41068,1.06822,1.06852,1.0496,1.046,1.0321,1.02778,0.7668643926045071,0.7448424168221175,0.7356189261077568,0.7346240266156183,0.7328627571841722,0.7389225951018341
2.242324932,0.32791,0.32591,0.30527,0.34038,0.33368,0.33652,0.54349,0.55801,0.54377,0.5741,0.58237,0.57208,1.02752,1.06263,1.06017,1.05675,1.13805,1.04369,1.74814,2.12077,1.85826,2.07468,1.7916,1.88872,0.22871,0.22457,0.22249,0.2425,0.24277,0.23955,0.39016,0.37575,0.39911,0.38785,0.40049,0.39678,1.05815,1.05882,1.04426,1.04335,1.0165,1.0221,0.7346961216171997,0.7315365387966437,0.7358249756889352,0.7291954692637651,0.7268735056109069,0.720351417564132
2.227858386,0.32404,0.31834,0.327,0.33743,0.3313,0.32566,0.53348,0.55436,0.55206,0.56206,0.56597,0.57366,1.10772,1.09127,1.12499,1.09254,1.20442,1.03455,1.54247,1.7205,2.17941,2.0144,1.75178,2.12191,0.21242,0.22142,0.21958,0.23573,0.22842,0.23502,0.37763,0.35686,0.37874,0.36627,0.38785,0.38139,1.05463,1.06057,1.04311,1.04034,1.01863,1.023,0.7235411218390984,0.7153730798010484,0.7139848298568133,0.7195569355994755,0.7124114072775681,0.7118082425132075
2.213391839,0.31773,0.30894,0.3315,0.32159,0.32577,0.3137,0.52621,0.54179,0.55138,0.53963,0.55884,0.56352,1.15662,1.10658,1.10939,1.14536,1.13284,1.04569,1.59181,1.86887,2.17185,1.95846,1.67302,1.90902,0.20328,0.21537,0.21505,0.22585,0.21344,0.22585,0.35692,0.34296,0.36743,0.35155,0.37741,0.3623,1.05069,1.03664,1.02945,1.01817,1.0097,1.0271,0.7098625672737944,0.7012662219979553,0.700720245660377,0.6905571947636787,0.7003423534096955,0.6975633664747904
2.198925293,0.31135,0.3053,0.31554,0.29884,0.3197,0.3031,0.52354,0.54051,0.54688,0.53255,0.55439,0.54052,1.12497,1.10321,1.0473,1.13448,1.07457,1.06781,1.73609,1.74832,2.16209,1.80959,1.8096,1.63811,0.20269,0.20512,0.20879,0.20964,0.20326,0.20957,0.33829,0.3343,0.36261,0.34678,0.36291,0.3418,1.02903,1.03842,1.02193,1.01999,1.0164,1.0068,0.6998596902774512,0.6975965010489252,0.6839646439824332,0.6850625955512849,0.6867642752641844,0.6988664228844778
2.184458446,0.30679,0.30389,0.30733,0.28911,0.31228,0.29899,0.52212,0.54433,0.55012,0.53853,0.53727,0.52524,1.0852,1.07296,1.01222,1.07767,1.06509,1.08328,1.81715,1.92324,2.07815,1.78251,1.98891,1.62529,0.20215,0.19807,0.20077,0.19293,0.19675,0.19335,0.33216,0.32874,0.35233,0.34441,0.34515,0.32628,1.01547,1.03885,1.00439,1.0139,0.98699,1.00594,0.6876534045556603,0.6826921485377354,0.6830217387632073,0.6724148418264148,0.6641687326990565,0.671377875164151
2.169991899,0.30565,0.3014,0.30931,0.29565,0.30597,0.2987,0.52323,0.54346,0.54706,0.54156,0.51831,0.52246,1.03772,1.03457,1.00138,1.05209,1.04539,1.09014,1.85465,1.8349,1.95695,1.79928,1.77121,1.65098,0.19721,0.19526,0.19348,0.18739,0.1894,0.18391,0.33176,0.32188,0.33436,0.34311,0.32722,0.31835,1.01531,0.99798,1.009,1.002,0.98107,0.99432,0.6788149710616351,0.6714504000400943,0.6691133256641506,0.6759111406245283,0.6584113767006288,0.6633972233433953
2.155525353,0.30748,0.30259,0.30371,0.30655,0.30186,0.29664,0.53716,0.54286,0.52813,0.54617,0.51229,0.51892,1.01981,1.00554,0.99535,1.03113,1.03095,1.04927,1.82757,1.7626,1.98377,1.80351,1.85453,1.66011,0.19107,0.18743,0.19219,0.19185,0.18361,0.18081,0.32641,0.31425,0.31621,0.34021,0.31367,0.31153,1.02986,1.00694,1.00321,0.97952,0.98045,0.97538,0.6707785408544306,0.655370554483062,0.6611099847196642,0.6507482011118505,0.6603888036886205,0.6519937965535924
2.141058806,0.3093,0.30813,0.29697,0.31219,0.29854,0.30005,0.55732,0.54319,0.51576,0.55886,0.52051,0.51364,1.07434,1.02191,1.00592,0.98658,1.05262,0.99173,1.63062,2.34895,1.93402,1.80662,1.98338,1.86391,0.18491,0.17625,0.19473,0.19211,0.17946,0.17881,0.30952,0.30738,0.30317,0.32679,0.30784,0.29936,0.99247,0.99293,0.97239,0.9896,0.97129,0.98128,0.6542237841045074,0.6575183272786164,0.6411417442501047,0.6491080624498952,0.6388002529648847,0.6263428920468554
2.126592259,0.30848,0.31148,0.30384,0.30623,0.3006,0.31003,0.5663,0.5421,0.52484,0.56122,0.53766,0.51389,1.17505,1.09395,1.03503,0.97414,1.10088,0.99027,1.53628,1.53698,1.87646,1.78465,1.77707,1.98823,0.17676,0.17125,0.19664,0.18123,0.17365,0.17292,0.2855,0.29959,0.29714,0.30498,0.30214,0.28771,0.99379,0.98295,0.97721,0.98171,0.96603,0.9706,0.6450420453028827,0.6391601922946543,0.6339738678425577,0.6385408699053986,0.6360356743693396,0.6329826274395179
2.112125413,0.31197,0.31044,0.32352,0.29336,0.30865,0.31768,0.56875,0.54575,0.54581,0.54295,0.55755,0.52433,1.29945,1.19133,1.07101,1.02521,1.16859,1.0633,1.3676,1.45352,1.8317,2.1242,1.82647,1.78613,0.1698,0.17104,0.19372,0.16641,0.16951,0.16698,0.27008,0.28915,0.29593,0.28647,0.28803,0.28394,0.98241,0.96474,0.96801,0.95975,0.95472,0.95098,0.6268146582854742,0.6274772892879915,0.622890175626376,0.6179595948215,0.6255588046633451,0.6182593379148924
2.097658866,0.3269,0.31378,0.3427,0.29725,0.31892,0.32477,0.57175,0.56353,0.56506,0.53688,0.58744,0.54965,1.39468,1.26091,1.14984,1.10489,1.24471,1.19707,1.34134,1.57956,1.89452,2.2109,1.91154,1.97577,0.16608,0.17062,0.18212,0.15953,0.16858,0.16849,0.26758,0.27801,0.29176,0.28041,0.27402,0.28248,0.96667,0.96542,0.94947,0.95801,0.95325,0.95458,0.6162629460928163,0.6246033206195069,0.6092685058741479,0.6105476108188779,0.6156193562400629,0.6100639374304144
2.083192319,0.35384,0.33182,0.34921,0.32943,0.33514,0.33644,0.57333,0.58978,0.57925,0.57108,0.63162,0.59589,1.38235,1.26873,1.33888,1.1919,1.32488,1.34562,1.41017,1.65625,2.04857,2.27554,1.73337,1.89947,0.16641,0.16892,0.16873,0.1636,0.16818,0.17355,0.27192,0.26991,0.28453,0.28401,0.27138,0.27519,0.95449,0.95113,0.95186,0.95556,0.94706,0.94813,0.6094577329226534,0.6078791494627689,0.6010722246966964,0.6041762923963294,0.5956584925614054,0.5980668906535921
2.068725773,0.38594,0.35817,0.35177,0.36724,0.35547,0.35304,0.58894,0.60114,0.59784,0.62827,0.65817,0.6482,1.40336,1.2752,1.62646,1.29894,1.36233,1.48806,1.41288,1.73562,1.72211,1.77736,1.69694,1.70872,0.1698,0.16621,0.16371,0.17025,0.17063,0.1727,0.27554,0.26653,0.28384,0.28517,0.27563,0.26301,0.95238,0.93658,0.94764,0.94137,0.92827,0.93048,0.6065509779433144,0.59479886958752,0.590948818069848,0.5990400312303621,0.5952700077051397,0.5920762976929208
2.054258926,0.39582,0.36802,0.35967,0.3863,0.36647,0.37001,0.62572,0.59855,0.61578,0.66621,0.65044,0.65616,1.50569,1.29068,1.74947,1.39675,1.35468,1.53499,1.38513,1.67072,1.65122,1.59273,1.70776,1.66249,0.1664,0.16288,0.16651,0.17259,0.17589,0.16423,0.26904,0.26643,0.28529,0.27908,0.27925,0.25381,0.94378,0.94217,0.91868,0.92453,0.92942,0.9328,0.5892288778992665,0.5823423579089099,0.5848003629557653,0.5881856417342769,0.5874547373346958,0.5832373567898325
2.039792379,0.36716,0.3572,0.36881,0.3807,0.36257,0.37516,0.63653,0.59878,0.60769,0.65691,0.63432,0.61328,1.40929,1.278,1.50635,1.37421,1.34263,1.35712,1.49227,1.54819,1.93159,1.74934,1.8137,1.54809,0.15577,0.16124,0.16806,0.17005,0.17643,0.15687,0.25615,0.26733,0.27421,0.26946,0.28058,0.2562,0.93444,0.93223,0.92779,0.92286,0.90877,0.91897,0.5639274924305192,0.566291642101783,0.5777311052509176,0.577881787937546,0.5664134374622969,0.5680479514056109
2.025325833,0.32946,0.34349,0.36337,0.3621,0.34998,0.36158,0.59457,0.58996,0.58092,0.61056,0.61651,0.56749,1.25938,1.16372,1.25355,1.24577,1.31526,1.18467,1.55394,1.85574,2.00683,1.84656,1.71838,1.42604,0.14808,0.16463,0.16721,0.16452,0.16913,0.15363,0.24799,0.26732,0.25933,0.26037,0.27896,0.26497,0.91811,0.92259,0.9135,0.92152,0.91632,0.92008,0.5665471297640274,0.5689188098039851,0.5566155797144208,0.569054164149397,0.5644380871530676,0.5592160289523337
2.010859286,0.31125,0.33031,0.34516,0.34465,0.33749,0.33556,0.54608,0.56419,0.55555,0.5575,0.59158,0.5338,1.19111,1.01793,1.10161,1.13266,1.23103,1.08556,1.59657,1.67101,1.8219,1.58492,1.71733,1.47697,0.1431,0.16909,0.16935,0.15906,0.16048,0.14776,0.246,0.26402,0.25739,0.25278,0.27611,0.26755,0.91627,0.90237,0.89653,0.90589,0.91089,0.92347,0.5573340577567087,0.5474112468082811,0.5524898261273585,0.5517230230757862,0.5567446335751574,0.5498729936834382
1.996392739,0.31024,0.31235,0.33207,0.32581,0.32548,0.30931,0.51733,0.54711,0.52536,0.52124,0.56242,0.51546,1.12041,0.92066,1.03694,1.07245,1.09351,1.02207,1.47151,1.46164,1.56901,1.67497,1.91451,1.74993,0.13886,0.16588,0.16883,0.1553,0.15577,0.14191,0.24897,0.25775,0.26313,0.24525,0.27146,0.2644,0.9097,0.89501,0.90647,0.90451,0.89215,0.90126,0.5394503945489251,0.5385938106739382,0.542904422474515,0.5437082268359728,0.5459042823796015,0.5410689917402727
1.981925893,0.31043,0.29686,0.32704,0.3066,0.30992,0.29297,0.50284,0.54606,0.49172,0.50892,0.53499,0.52147,0.99551,0.87678,0.98542,1.03828,0.9481,0.952,1.43276,1.45289,1.43969,1.69574,1.78384,1.77778,0.13728,0.1553,0.16131,0.15372,0.15264,0.14161,0.2563,0.24778,0.26093,0.24,0.26253,0.25675,0.89408,0.90262,0.88956,0.88463,0.89028,0.8885,0.5375297831606918,0.5370136101128931,0.531719758878302,0.5306741652358492,0.5326668299913522,0.5228785233474843
1.967459346,0.31322,0.29899,0.3164,0.30566,0.30163,0.291,0.50695,0.53874,0.47703,0.51285,0.53154,0.54558,0.90042,0.86916,0.90984,0.93846,0.85218,0.86508,1.68574,1.45719,1.34923,1.47351,1.80899,1.7869,0.136,0.14675,0.15173,0.15424,0.14716,0.1462,0.25827,0.23733,0.25097,0.23508,0.25145,0.24478,0.89353,0.89499,0.88185,0.8927,0.87935,0.88056,0.5246283119056605,0.5262256264018869,0.5219557975336478,0.5230848496698113,0.5254119015402516,0.5125354906474844
1.952992799,0.32564,0.31551,0.30178,0.32593,0.31576,0.30458,0.53605,0.5278,0.49408,0.52547,0.55959,0.56608,0.85007,0.85447,0.82456,0.79765,0.80667,0.77626,1.71617,1.51404,1.27268,1.45525,1.9238,1.529,0.133,0.14665,0.1426,0.15273,0.14205,0.14979,0.2453,0.23546,0.23962,0.22632,0.23768,0.23674,0.8961,0.8928,0.89036,0.88515,0.87437,0.89098,0.5259790777015731,0.5104556319394862,0.5108119394068694,0.5216879495955952,0.518205133354431,0.5102875668240693
1.938526253,0.33793,0.32649,0.30624,0.34905,0.33922,0.33173,0.56968,0.55179,0.53394,0.54686,0.57637,0.56811,0.78268,0.77734,0.73954,0.68422,0.76961,0.71316,1.56571,1.44803,1.21355,1.34158,1.58567,1.29828,0.13325,0.15125,0.13338,0.14684,0.1399,0.14437,0.22541,0.23824,0.22681,0.2193,0.22183,0.22739,0.87481,0.87831,0.87665,0.86457,0.8715,0.87311,0.5075555495179245,0.5096889953725368,0.514540991250105,0.5066808819036164,0.5053718780467505,0.5027547021368449
1.924059406,0.34301,0.3312,0.33141,0.36581,0.34987,0.36443,0.58655,0.60988,0.57355,0.58343,0.57078,0.57079,0.69266,0.67695,0.66978,0.63232,0.73333,0.66228,1.51358,1.19981,1.20844,1.29907,1.4797,1.26828,0.13853,0.15229,0.1267,0.14223,0.13717,0.13492,0.21572,0.2368,0.21819,0.21879,0.21165,0.21394,0.87856,0.8845,0.86745,0.86836,0.87107,0.85958,0.5048099611837528,0.49451514800461227,0.49373705639360593,0.49932460482725377,0.5009733072824948,0.48669806744077576
1.909592859,0.34756,0.34134,0.36022,0.3753,0.356,0.38203,0.61129,0.63517,0.60934,0.63188,0.59156,0.60696,0.63374,0.60843,0.62259,0.63123,0.70569,0.60828,1.41418,1.09727,1.21718,1.25862,1.46939,1.38977,0.14063,0.14756,0.12841,0.14425,0.13608,0.12819,0.21823,0.23457,0.21503,0.22259,0.21348,0.20848,0.87645,0.87977,0.86828,0.86932,0.86395,0.87087,0.4858965525448348,0.4903902591511275,0.49315854597142095,0.48437006926250653,0.49438057166355526,0.49307171993765075
1.895126313,0.36087,0.35471,0.37016,0.38259,0.36574,0.37327,0.65669,0.62875,0.66055,0.67479,0.64676,0.66782,0.61272,0.5769,0.58533,0.6334,0.66394,0.56442,1.25265,1.17957,1.17799,1.17757,1.36444,1.53464,0.13739,0.14205,0.13321,0.14745,0.14256,0.12414,0.21875,0.23751,0.20617,0.22614,0.22326,0.21438,0.86412,0.86918,0.86346,0.85701,0.84796,0.85124,0.4878620529481133,0.4727250494598009,0.47902671298113203,0.47043685969067095,0.47473426607573377,0.4759875274977463
1.880659766,0.38527,0.36929,0.35609,0.39558,0.36819,0.36048,0.68448,0.65185,0.71231,0.6932,0.6902,0.70459,0.61081,0.55761,0.54837,0.60148,0.61316,0.5464,1.08454,1.18777,1.13425,1.07766,1.24987,1.41356,0.13699,0.13674,0.12872,0.14555,0.14824,0.12752,0.21506,0.2418,0.18992,0.22741,0.22929,0.2268,0.86444,0.86049,0.85465,0.84552,0.85172,0.85648,0.47410391631001575,0.4737644544721552,0.4706780376719454,0.4682394538764552,0.47318944595563706,0.46271285873109586
1.866193219,0.40038,0.38736,0.35575,0.40166,0.36539,0.35981,0.66758,0.69247,0.71627,0.6677,0.69617,0.69865,0.59842,0.53105,0.52579,0.55929,0.58281,0.5379,0.97653,1.05767,1.06878,1.00218,1.16499,1.14714,0.13368,0.12964,0.12096,0.14049,0.14309,0.13675,0.21144,0.2407,0.18327,0.23018,0.22374,0.23048,0.83917,0.86454,0.8484,0.85754,0.83642,0.85491,0.4755337383784478,0.46264110666664915,0.46049711978694285,0.46378679197220757,0.4559472416704772,0.4580045580825379
1.851726373,0.38335,0.39217,0.37273,0.38886,0.35982,0.3612,0.61904,0.69109,0.6811,0.6289,0.67488,0.67119,0.56085,0.50718,0.51956,0.53407,0.55134,0.52596,0.95872,1.00121,1.01478,0.99954,1.10945,1.00026,0.11779,0.12549,0.12415,0.1349,0.13217,0.13987,0.2033,0.23231,0.1987,0.23288,0.2117,0.21408,0.84793,0.84976,0.86046,0.84426,0.84178,0.83159,0.46468226566273585,0.4632537654518868,0.45578309518773585,0.4532461351900943,0.4476028896641509,0.4537752443783019
1.837259826,0.35007,0.37111,0.36248,0.36887,0.34589,0.35622,0.58401,0.65001,0.64412,0.61582,0.64977,0.63608,0.52504,0.49774,0.49918,0.51086,0.49506,0.51643,1.00601,1.02929,1.00809,1.0356,1.08543,0.94205,0.10446,0.13102,0.13693,0.12988,0.123,0.13725,0.19536,0.22222,0.22345,0.22643,0.20652,0.19532,0.85047,0.84004,0.84101,0.84871,0.84854,0.84659,0.46429429661908755,0.4487977719077083,0.4484731609753538,0.4459896601221813,0.45151653464467745,0.44187172322632384
1.822793279,0.32767,0.33839,0.32661,0.3478,0.3331,0.34759,0.57617,0.62396,0.60816,0.61805,0.61846,0.60359,0.50945,0.48893,0.45966,0.48454,0.4506,0.51175,1.01685,0.9894,0.99631,1.01799,1.06951,0.92074,0.112,0.13893,0.14683,0.12683,0.12048,0.13936,0.19713,0.21806,0.23454,0.21446,0.2116,0.196,0.84551,0.85395,0.8323,0.83539,0.82868,0.82568,0.4574599193142633,0.4438169716778186,0.44253917327226006,0.43228023619491346,0.4374538450182486,0.43343727928384895
1.808326733,0.3216,0.30625,0.30225,0.33258,0.32996,0.33939,0.58746,0.60861,0.57296,0.60503,0.57429,0.56903,0.48352,0.4674,0.43141,0.46478,0.44324,0.50283,0.93892,0.85332,0.92356,0.9856,1.04302,0.90879,0.13377,0.1362,0.14763,0.12597,0.1283,0.14089,0.20643,0.21817,0.22461,0.20811,0.2187,0.20589,0.8416,0.83113,0.83054,0.83182,0.81129,0.82876,0.4489224894236497,0.4384211082398005,0.4369818642667014,0.4335746759925011,0.4329659948676979,0.42467984356208677
1.793859886,0.31861,0.28667,0.31272,0.32238,0.33008,0.32813,0.58284,0.57595,0.54258,0.56769,0.53475,0.53073,0.45146,0.44807,0.43074,0.4478,0.45718,0.47886,0.87687,0.77046,0.83252,0.9778,1.01975,0.90269,0.15022,0.13061,0.14494,0.12545,0.14075,0.13235,0.21187,0.21933,0.20563,0.2034,0.22038,0.19949,0.82822,0.82618,0.8331,0.82261,0.82474,0.8051,0.43098912920545357,0.4266428523171473,0.4220965830904037,0.41833761504551653,0.42390243976213937,0.41657410520094384
1.779393339,0.30474,0.28253,0.33785,0.29944,0.32058,0.31164,0.52677,0.5355,0.51473,0.51766,0.50651,0.51261,0.43446,0.43968,0.44282,0.42486,0.45425,0.44628,0.84401,0.78778,0.809,0.92891,0.97028,0.888,0.1507,0.13801,0.14464,0.12636,0.14405,0.12411,0.20114,0.21833,0.19536,0.19346,0.21104,0.1881,0.82764,0.83526,0.82207,0.81495,0.8139,0.80741,0.43476164268856854,0.42400788115332994,0.41880307809821704,0.4170305611541165,0.4223693113459886,0.41799697961179844
1.764926793,0.27899,0.2777,0.32853,0.27275,0.2962,0.29449,0.46936,0.49654,0.49343,0.47534,0.47484,0.50738,0.41332,0.43416,0.44845,0.39957,0.41425,0.42758,0.80534,0.82761,0.85668,0.87149,0.88116,0.84303,0.14045,0.15424,0.14383,0.13414,0.13691,0.12572,0.18267,0.21403,0.19537,0.18754,0.19755,0.19398,0.82144,0.80571,0.81852,0.82087,0.81727,0.81017,0.4355650019764151,0.413073389395283,0.41190509560471705,0.4116318047863208,0.4093238680179245,0.40892103841556615
1.750460246,0.24792,0.26319,0.3013,0.26488,0.27382,0.2723,0.45118,0.45501,0.48729,0.45761,0.44104,0.4855,0.39941,0.42789,0.44877,0.39392,0.37049,0.42681,0.78854,0.78374,0.89524,0.88347,0.79995,0.78926,0.13247,0.16594,0.14144,0.14343,0.13211,0.1257,0.17747,0.20411,0.20436,0.20115,0.19452,0.20497,0.80762,0.81857,0.79553,0.80256,0.78649,0.78824,0.41540067889124266,0.4038214092024121,0.4040937476005244,0.40402123534923967,0.39897950198500265,0.39460854575721044
1.735993699,0.22116,0.24421,0.28753,0.2641,0.26626,0.24974,0.46146,0.42734,0.49434,0.4591,0.42876,0.45138,0.4125,0.41098,0.4439,0.4095,0.35798,0.42791,0.77133,0.7185,0.8522,0.93008,0.76897,0.75084,0.13068,0.16126,0.14379,0.13908,0.13242,0.11923,0.18724,0.19122,0.21745,0.22879,0.20259,0.20705,0.82348,0.82882,0.8185,0.80754,0.79847,0.79536,0.42112702840487426,0.4089060281520441,0.40695078860550316,0.40340149872845915,0.40097905405314466,0.3920372635970126
1.721526853,0.2071,0.23096,0.27573,0.2502,0.25279,0.23653,0.4548,0.42104,0.48898,0.4605,0.43756,0.42657,0.41781,0.38668,0.42087,0.42191,0.36886,0.42546,0.70648,0.69548,0.7903,0.94094,0.79625,0.74061,0.12954,0.14295,0.14513,0.12616,0.13016,0.12022,0.19542,0.1899,0.21079,0.24414,0.21063,0.20645,0.81651,0.8054,0.79316,0.80889,0.78951,0.79431,0.40759466034591196,0.3856359533838574,0.39416728428621595,0.3860582781442348,0.38360230478831236,0.38860781939177147
1.707060306,0.20819,0.23222,0.24843,0.22862,0.22642,0.22812,0.40977,0.41457,0.45121,0.44421,0.43415,0.41601,0.39425,0.37693,0.38544,0.41726,0.37593,0.41817,0.64931,0.67656,0.75766,0.87957,0.82841,0.71724,0.12531,0.12798,0.12814,0.11931,0.12286,0.12828,0.19269,0.20179,0.18386,0.23853,0.21052,0.2051,0.82147,0.78964,0.80089,0.78768,0.77262,0.7821,0.3998258956456215,0.39951792222160465,0.39366044641048764,0.3843264863084426,0.38690417494210805,0.3907845043340325
1.692593759,0.22571,0.24494,0.21687,0.20623,0.21355,0.22141,0.35624,0.38907,0.39532,0.40983,0.40609,0.40213,0.37034,0.3746,0.35941,0.39514,0.36765,0.41212,0.63894,0.6597,0.72146,0.79413,0.78965,0.66836,0.1214,0.11885,0.0995,0.11738,0.11185,0.12253,0.18434,0.20885,0.16634,0.22215,0.19737,0.19668,0.80745,0.79655,0.79131,0.78732,0.77217,0.77933,0.4024744696147799,0.3855186191330713,0.38530120270487406,0.38449229012526204,0.3782042929577044,0.3726355906430817
1.678127213,0.2469,0.25439,0.20768,0.19346,0.21246,0.21618,0.32567,0.36297,0.35689,0.3814,0.37973,0.37584,0.35742,0.36648,0.34618,0.3699,0.35312,0.41409,0.65715,0.6699,0.69058,0.74028,0.71462,0.62394,0.12152,0.11367,0.08689,0.11911,0.10179,0.1037,0.17428,0.20503,0.16815,0.20492,0.1778,0.18388,0.79506,0.7921,0.79108,0.78269,0.78316,0.77793,0.394257329116824,0.37814619307426633,0.383206658747327,0.3683571024984278,0.3703064984058702,0.3726500485225368
1.663660366,0.25406,0.25189,0.22704,0.20095,0.20553,0.21063,0.33125,0.35835,0.35093,0.3692,0.36374,0.35938,0.34523,0.36924,0.33641,0.36059,0.33403,0.41253,0.67942,0.68951,0.67273,0.72102,0.66749,0.60467,0.12408,0.11552,0.09831,0.11917,0.09633,0.0936,0.168,0.2009,0.17471,0.19613,0.16543,0.17447,0.778,0.78801,0.78384,0.78576,0.76403,0.75734,0.38288615748547455,0.3662619291433665,0.3718840499309911,0.36580952810854744,0.36011796225715786,0.3563080381019402
1.649193819,0.24376,0.24613,0.252,0.21734,0.1955,0.21119,0.36344,0.36544,0.36282,0.36196,0.3541,0.36294,0.34155,0.38485,0.33202,0.36587,0.32037,0.4025,0.68479,0.6938,0.66117,0.71242,0.65386,0.62406,0.12918,0.1203,0.1212,0.10543,0.09336,0.10091,0.17102,0.20152,0.18071,0.19499,0.16499,0.1724,0.80157,0.78877,0.77572,0.76257,0.76276,0.7589,0.3760962501912998,0.3671569376338575,0.36736078749119494,0.36070994164889936,0.3592343034078616,0.3567975957736897
1.634727273,0.22727,0.24293,0.25075,0.21788,0.19107,0.22023,0.38873,0.37369,0.37245,0.35176,0.35138,0.36833,0.33854,0.38832,0.34609,0.35226,0.32651,0.39144,0.69444,0.65354,0.66072,0.68956,0.66611,0.67144,0.13642,0.12568,0.1397,0.08946,0.09208,0.11663,0.16906,0.19437,0.18821,0.19149,0.17307,0.17378,0.77805,0.75451,0.76981,0.76903,0.74919,0.75918,0.368759478886366,0.3578221060486628,0.35707852698290504,0.35140130780351336,0.35734467171384376,0.3474599332466701
1.620260726,0.22294,0.24096,0.2291,0.2047,0.19556,0.2272,0.37906,0.38238,0.36616,0.33726,0.3513,0.35953,0.3277,0.37899,0.37881,0.31073,0.34217,0.3882,0.71479,0.61578,0.66828,0.67612,0.6963,0.72278,0.14018,0.13209,0.14262,0.09161,0.095,0.12425,0.16073,0.18177,0.1922,0.18759,0.17977,0.17829,0.7678,0.75523,0.76813,0.75062,0.73677,0.74174,0.359735203479182,0.34764580957063457,0.3388444248745674,0.3499991573432615,0.3410410924638699,0.33911547758259053
1.605794179,0.22599,0.2391,0.20852,0.20374,0.20752,0.21941,0.35353,0.37805,0.34556,0.32528,0.35361,0.33776,0.33666,0.37908,0.39718,0.29252,0.34849,0.39404,0.709,0.66037,0.68486,0.70718,0.72101,0.75713,0.13382,0.14103,0.12861,0.10943,0.10202,0.1124,0.1669,0.18001,0.18838,0.18615,0.17737,0.18757,0.75682,0.74208,0.74412,0.73939,0.72008,0.73428,0.35151996829166665,0.3361329085750002,0.340357536575,0.34061996071666656,0.3262835358583333,0.33605914267500014
1.591327333,0.22573,0.23557,0.20001,0.21962,0.21054,0.19594,0.35649,0.37222,0.33002,0.32044,0.36171,0.31845,0.36721,0.38186,0.38739,0.32371,0.35444,0.39536,0.69408,0.75523,0.73577,0.76555,0.74096,0.77547,0.12154,0.15003,0.10841,0.12367,0.10641,0.09393,0.18189,0.18823,0.18393,0.1821,0.17372,0.19138,0.75532,0.7432,0.73282,0.75504,0.72587,0.73351,0.34876119480728884,0.3358422048981123,0.33364576405364443,0.33397965764027265,0.32924403302364963,0.32787880932899843
1.576860786,0.22847,0.22858,0.19136,0.23029,0.19613,0.17759,0.39469,0.39085,0.32798,0.32219,0.37116,0.3107,0.40998,0.38307,0.38577,0.37468,0.37974,0.39218,0.72164,0.76142,0.84345,0.78584,0.76875,0.83514,0.11957,0.14834,0.098,0.12093,0.10524,0.09276,0.18744,0.19596,0.18203,0.18118,0.1792,0.18766,0.73357,0.72325,0.74275,0.73348,0.73139,0.73792,0.3334349368081804,0.3271689437402202,0.3289088327431567,0.3368254157348715,0.32425814110498163,0.32872130166481384
1.562394239,0.22286,0.21321,0.18137,0.21597,0.18231,0.18195,0.4127,0.40795,0.3252,0.32841,0.37233,0.30748,0.45835,0.40514,0.42492,0.40791,0.41785,0.40175,0.79064,0.7326,0.99857,0.81763,0.79508,0.95845,0.12906,0.13175,0.10695,0.10934,0.10886,0.10917,0.19257,0.19827,0.1797,0.1835,0.19025,0.1907,0.73634,0.72486,0.71793,0.7298,0.7161,0.70666,0.32786086982863144,0.31951320979795494,0.31994887573529107,0.32489893217210286,0.32211138264960665,0.31226920393927643
1.547927693,0.20088,0.19613,0.19337,0.18835,0.18826,0.19909,0.36769,0.3825,0.31946,0.32946,0.36604,0.30479,0.48109,0.45619,0.49384,0.43529,0.46948,0.43355,0.87357,0.79992,1.18673,0.93146,0.85321,0.99406,0.13359,0.1161,0.13042,0.10446,0.12784,0.12255,0.21756,0.20576,0.18892,0.18252,0.20131,0.20759,0.71862,0.72161,0.71484,0.70988,0.70511,0.71738,0.3162297620577348,0.3099921396590982,0.3135309675386995,0.31139422611179873,0.310444761490404,0.3099594987199792
1.533460846,0.17758,0.18906,0.21482,0.17471,0.20948,0.20782,0.32027,0.33689,0.32065,0.31232,0.35434,0.30722,0.47939,0.51693,0.57598,0.49047,0.55879,0.4901,1.00072,1.02983,1.37141,1.07136,1.00869,0.96597,0.13674,0.11592,0.15547,0.11345,0.16008,0.13077,0.25461,0.22407,0.21787,0.18815,0.21289,0.23002,0.71054,0.70988,0.70272,0.6934,0.68714,0.68346,0.3055433596471946,0.30734953300597795,0.3026971024274777,0.29638555542055584,0.29948347153141064,0.2993906174036707
1.518994299,0.17107,0.188,0.21589,0.18217,0.2199,0.20108,0.30754,0.30268,0.31493,0.27395,0.3384,0.30905,0.50266,0.56885,0.67366,0.57383,0.65526,0.57837,1.09628,1.27673,1.40721,1.16297,1.24357,1.102,0.15637,0.12958,0.17528,0.13662,0.19401,0.15138,0.28259,0.25188,0.26033,0.20936,0.22736,0.25111,0.71196,0.69734,0.68208,0.6828,0.67439,0.69728,0.30360092001945466,0.2907260966859465,0.2965630933984793,0.29828160320802305,0.29437427997147353,0.29078509639129524
1.504527753,0.17951,0.18633,0.19794,0.19389,0.20784,0.18469,0.31829,0.28186,0.28785,0.23552,0.32756,0.29992,0.55541,0.61148,0.75246,0.64006,0.70275,0.70514,1.10819,1.3668,1.40114,1.2284,1.36827,1.43743,0.19948,0.16258,0.19081,0.18081,0.21898,0.18844,0.3258,0.29828,0.31478,0.2569,0.26434,0.2926,0.67924,0.6833,0.67307,0.68959,0.6735,0.67667,0.2962017703490299,0.2917320409231253,0.29394991478405874,0.2858280336389617,0.2909640828913477,0.2865463710662297
1.490061206,0.18772,0.18373,0.17365,0.1909,0.19339,0.16181,0.32852,0.27547,0.26288,0.22101,0.32206,0.28697,0.59649,0.6353,0.76234,0.6601,0.74095,0.84267,1.22817,1.39686,1.32816,1.18031,1.37966,1.62549,0.26471,0.22707,0.224,0.25765,0.25122,0.23976,0.43418,0.37741,0.40681,0.35609,0.35918,0.38057,0.68468,0.68406,0.66629,0.68176,0.67902,0.67089,0.2917943667066038,0.2853844572029351,0.28836820358710696,0.28109966609454934,0.28212392569035644,0.27909964529234804
1.475594659,0.19423,0.17674,0.16217,0.18007,0.18906,0.1387,0.32354,0.28649,0.26711,0.23306,0.30905,0.28352,0.60739,0.64543,0.7073,0.6629,0.78529,0.88319,1.33174,1.33768,1.4231,1.12569,1.19786,1.73183,0.35512,0.32571,0.31701,0.37835,0.3274,0.31929,0.61888,0.52498,0.58865,0.52727,0.52669,0.52041,0.65328,0.67611,0.65809,0.65208,0.65726,0.65675,0.2789826190070231,0.27905597744140465,0.2757935963540879,0.28317682393291405,0.2717184272471698,0.2719622771898847
1.461127813,0.20462,0.17027,0.17658,0.17434,0.18826,0.12604,0.30249,0.30327,0.28682,0.25697,0.28663,0.29088,0.58619,0.66776,0.65546,0.63509,0.71723,0.7768,1.34325,1.18214,1.27313,1.20005,1.15853,1.41206,0.47624,0.45904,0.45812,0.5506,0.44245,0.43462,0.81968,0.77947,0.87713,0.77104,0.74726,0.70631,0.66513,0.67491,0.66918,0.6636,0.65121,0.66472,0.2878457313977453,0.2634718844541165,0.26915160581048764,0.27487209257587847,0.2705648349911904,0.271133195453225
1.446661266,0.20942,0.16961,0.18532,0.17204,0.1837,0.1277,0.27763,0.30284,0.29585,0.27276,0.26974,0.29671,0.5446,0.66717,0.63214,0.57333,0.6117,0.60423,1.18666,1.04839,1.17579,1.33653,1.24377,1.28912,0.57119,0.59171,0.54916,0.69138,0.51724,0.52703,0.97078,1.00578,1.08954,1.03716,0.95662,0.90547,0.66075,0.65297,0.65182,0.64527,0.64894,0.65809,0.2664544816743187,0.2639636086111111,0.2598168713658281,0.26019742704905663,0.2764421828274633,0.26721750579989517
1.432194719,0.18776,0.16396,0.16316,0.16432,0.16582,0.1409,0.25594,0.27861,0.28949,0.27666,0.25883,0.28307,0.51671,0.59084,0.5996,0.51024,0.5577,0.48636,0.99548,0.97499,1.07967,1.1954,1.25547,1.20824,0.52904,0.59767,0.54752,0.63125,0.48521,0.50992,0.95396,0.92655,0.99134,1.05343,0.95631,0.95655,0.63873,0.64707,0.63277,0.63119,0.64096,0.62949,0.25149747859591204,0.2531329558325472,0.26082277873689724,0.2505258863295595,0.25113523402348,0.25576747182783044
1.417728173,0.15166,0.14817,0.14282,0.14841,0.14209,0.15317,0.24365,0.26224,0.28219,0.2735,0.25608,0.25863,0.49359,0.49815,0.53461,0.44743,0.50628,0.40526,0.86122,1.06437,1.03472,1.11041,1.06166,1.00971,0.40843,0.47137,0.47184,0.4531,0.39746,0.4106,0.74502,0.68202,0.73586,0.81311,0.76803,0.80028,0.65301,0.64539,0.63912,0.63212,0.64489,0.63542,0.26373040807960146,0.25035543958888307,0.25115604021830096,0.24874719276890406,0.25217879167184054,0.2542360782636601
1.403261326,0.13499,0.13607,0.14761,0.13757,0.1342,0.15458,0.2438,0.26347,0.27963,0.2656,0.25894,0.24413,0.43455,0.44651,0.45036,0.39596,0.4816,0.34882,0.80396,0.96981,1.00538,0.96565,0.88225,0.86521,0.30868,0.33838,0.35554,0.31388,0.30848,0.30841,0.55128,0.49056,0.51877,0.57539,0.56898,0.59403,0.61013,0.63071,0.63764,0.62748,0.60996,0.64496,0.24618939750000005,0.2435562937380503,0.24309330424465417,0.24557001696886788,0.24785597354811328,0.25720385303553467
1.388794779,0.13834,0.14103,0.16548,0.14677,0.1476,0.153,0.2474,0.24697,0.26999,0.2646,0.25192,0.23382,0.36785,0.41744,0.38297,0.38125,0.47539,0.32575,0.72721,0.85108,0.95078,0.81506,0.8107,0.7738,0.23502,0.2357,0.25006,0.24195,0.23662,0.23102,0.42482,0.38883,0.3892,0.40141,0.41861,0.42853,0.62458,0.62909,0.61493,0.62113,0.61343,0.6035,0.2353975802615102,0.2305775805222863,0.24348774408070264,0.24024624446811746,0.23817458086198215,0.2347933360413214
1.374328233,0.14387,0.15655,0.17717,0.16389,0.17691,0.15147,0.2403,0.2111,0.24725,0.25419,0.2359,0.21207,0.32947,0.39658,0.35709,0.39232,0.41572,0.32489,0.64559,0.80884,0.87479,0.71468,0.77987,0.7173,0.17891,0.16466,0.17919,0.19155,0.18545,0.18498,0.31438,0.33226,0.31564,0.29135,0.31585,0.3221,0.62422,0.60402,0.61135,0.61666,0.60411,0.61405,0.2432097951854221,0.23668277275306762,0.2486129342501311,0.2403115285222339,0.2422565720060828,0.24023066006135288
1.359861686,0.13817,0.15635,0.17553,0.16688,0.20208,0.1424,0.21702,0.18537,0.21083,0.21126,0.21888,0.19045,0.29849,0.37495,0.3654,0.38337,0.33924,0.31621,0.61755,0.74109,0.76533,0.65233,0.71826,0.64915,0.13887,0.12646,0.14025,0.138,0.15072,0.16608,0.22586,0.27436,0.25716,0.22215,0.24816,0.25833,0.60815,0.63153,0.62487,0.60413,0.61258,0.6219,0.23620337938532496,0.24009634462274634,0.23930613795786165,0.22886868402463315,0.23691889600251573,0.22982220266740047
1.34539514,0.11743,0.14092,0.17082,0.1597,0.20702,0.13447,0.19277,0.18699,0.16929,0.16394,0.21676,0.17989,0.26211,0.34748,0.36862,0.33789,0.30242,0.30102,0.62094,0.60559,0.69345,0.61264,0.65788,0.59115,0.10738,0.10983,0.12127,0.10039,0.13482,0.15675,0.18122,0.20998,0.21844,0.18828,0.20864,0.21191,0.60387,0.6027,0.60587,0.59678,0.59926,0.60461,0.24898672534556898,0.22140608570214995,0.22873106163922388,0.22471958545988457,0.23721293125852122,0.23234915566334552
1.330928293,0.11646,0.13946,0.17258,0.15293,0.20113,0.13153,0.17798,0.21034,0.15255,0.1482,0.23723,0.17456,0.23727,0.32543,0.3527,0.28893,0.28583,0.2901,0.63796,0.51558,0.67257,0.60704,0.62024,0.56108,0.08425,0.10176,0.11895,0.08624,0.1356,0.14164,0.16531,0.17204,0.21629,0.17975,0.18765,0.17293,0.60142,0.59634,0.59826,0.59324,0.59193,0.60466,0.22637503946906126,0.23195925407173568,0.23559770741562658,0.23122502327309913,0.2314646502094389,0.22974093885254332
1.316461746,0.14647,0.15301,0.16682,0.14012,0.18591,0.12252,0.18024,0.21962,0.17687,0.16995,0.2502,0.18765,0.22735,0.30747,0.33294,0.25671,0.27224,0.26885,0.63563,0.49028,0.63292,0.60841,0.5897,0.52737,0.0808,0.102,0.13725,0.08978,0.13924,0.12468,0.16994,0.16663,0.21541,0.17079,0.17486,0.15505,0.5818,0.60839,0.59292,0.58073,0.57231,0.58448,0.22757389078458312,0.21654452935123236,0.22604686028358678,0.22060045630613534,0.22907007414567387,0.21803866719947573
1.3019952,0.15404,0.14902,0.13777,0.13002,0.15862,0.1111,0.18212,0.19671,0.21653,0.20964,0.23074,0.22148,0.24379,0.28873,0.29173,0.25094,0.26002,0.24727,0.51526,0.49863,0.54092,0.55312,0.53799,0.49045,0.09817,0.1104,0.16135,0.10773,0.13659,0.11002,0.18164,0.16948,0.17397,0.15656,0.1712,0.16518,0.58982,0.59689,0.58154,0.5838,0.59334,0.5936,0.2358683787205034,0.2267789055374934,0.2221350118091243,0.2194702559937074,0.22537370141583632,0.22303544675406392
1.287528653,0.13172,0.12073,0.11287,0.1423,0.12952,0.10956,0.16244,0.19028,0.22765,0.23096,0.20001,0.23812,0.27889,0.27259,0.23307,0.25826,0.22298,0.24097,0.38855,0.49084,0.45389,0.46564,0.46975,0.45911,0.11971,0.11695,0.15196,0.12803,0.1211,0.09461,0.17408,0.16604,0.1315,0.15381,0.16966,0.18316,0.58741,0.59113,0.57231,0.57378,0.56779,0.59042,0.22362644839874216,0.21925710953637317,0.22007607777180296,0.21642439599413,0.21733456754208594,0.21751627497374212
1.273061806,0.12301,0.09865,0.11705,0.16869,0.10524,0.11601,0.1573,0.20303,0.21082,0.22123,0.18183,0.2295,0.28881,0.25953,0.21101,0.26785,0.18121,0.24039,0.35092,0.45139,0.41042,0.42439,0.4193,0.42898,0.12832,0.11326,0.1193,0.14015,0.10003,0.08399,0.16862,0.15787,0.12908,0.16856,0.14866,0.18887,0.58018,0.5612,0.56081,0.55317,0.55494,0.56235,0.2085007681216572,0.20113878612060837,0.2186885043951757,0.2011071967508129,0.20600147698038815,0.20404811155186164
1.25859526,0.12043,0.09857,0.11065,0.17122,0.09304,0.1162,0.17673,0.18448,0.18645,0.19354,0.17765,0.21901,0.26627,0.24748,0.21933,0.28051,0.16942,0.23395,0.35125,0.40797,0.4153,0.43045,0.38364,0.41722,0.11795,0.10654,0.10448,0.13791,0.09828,0.08536,0.1744,0.15429,0.14689,0.18682,0.12422,0.18205,0.56464,0.57206,0.54594,0.56324,0.5499,0.56166,0.2193071648379653,0.21107426148715253,0.2079833745464079,0.20026812864394322,0.1932771691536444,0.20653532388463555
1.244128713,0.10951,0.11109,0.07407,0.13484,0.09714,0.10893,0.19054,0.15032,0.16793,0.17379,0.18334,0.21838,0.23977,0.23515,0.2166,0.28091,0.17492,0.23549,0.3452,0.38382,0.42835,0.44514,0.38234,0.43406,0.10833,0.11364,0.11149,0.1305,0.12091,0.10733,0.18366,0.17361,0.17035,0.20678,0.14497,0.19435,0.56527,0.56649,0.5604,0.56141,0.56275,0.54973,0.2077595920482181,0.21398388267662477,0.2185467550805556,0.21330947612211754,0.20755117337300846,0.21479553592950712
1.229662166,0.09611,0.12119,0.06545,0.09451,0.10261,0.10793,0.18436,0.15017,0.16534,0.1741,0.18512,0.22423,0.21038,0.21416,0.2067,0.26073,0.18336,0.25525,0.3565,0.37722,0.40693,0.43139,0.42043,0.45322,0.12152,0.14658,0.13277,0.14361,0.14655,0.14768,0.21696,0.21995,0.22144,0.24953,0.2175,0.2524,0.54244,0.5626,0.55064,0.55967,0.53662,0.55532,0.20856753723523863,0.20685191382737286,0.2015407770321972,0.19343826342149975,0.19906959184960674,0.20202308837944416
1.21519562,0.08959,0.13062,0.10659,0.0902,0.09841,0.11219,0.18732,0.17399,0.16508,0.19061,0.16974,0.2275,0.19551,0.19834,0.2012,0.22625,0.19072,0.26246,0.3948,0.41118,0.37649,0.39029,0.45376,0.43795,0.15489,0.20242,0.15801,0.17738,0.16477,0.17893,0.26836,0.2643,0.29273,0.32152,0.2892,0.3424,0.56861,0.55173,0.56121,0.54474,0.54345,0.55758,0.20940578813948615,0.19769226109281593,0.21247846693130576,0.20353138220555847,0.199544799417934,0.20041578589092812
1.200728773,0.08693,0.14468,0.15714,0.12224,0.09589,0.10822,0.20598,0.17163,0.16268,0.21455,0.15366,0.22294,0.20156,0.20509,0.19053,0.20184,0.17955,0.23264,0.42303,0.48772,0.36396,0.35431,0.42895,0.3935,0.17519,0.24411,0.17703,0.19152,0.17351,0.1716,0.28281,0.26063,0.30854,0.35797,0.29756,0.42272,0.54306,0.54994,0.55317,0.53114,0.54213,0.5327,0.1983703567482705,0.19670231981147804,0.20252011572169817,0.19568763347421386,0.19486287740959124,0.19643237897138366
1.186262226,0.0733,0.16297,0.16015,0.14524,0.1012,0.1036,0.20537,0.16209,0.17402,0.22519,0.15532,0.21692,0.17611,0.22912,0.17773,0.20099,0.1668,0.21675,0.43989,0.52534,0.35616,0.33392,0.399,0.36253,0.15564,0.22243,0.18352,0.18421,0.16135,0.14211,0.25428,0.20989,0.27208,0.29802,0.26124,0.41097,0.55412,0.53823,0.5338,0.52508,0.53167,0.52883,0.19904472563702152,0.1855510220632406,0.1965984212526481,0.1925934099384373,0.20030594620566333,0.18905587668306248
1.17179568,0.06634,0.19191,0.12281,0.12742,0.09725,0.10608,0.1865,0.18948,0.179,0.20701,0.15778,0.20945,0.12958,0.2472,0.16845,0.20096,0.19069,0.23559,0.4539,0.46635,0.34288,0.31489,0.39956,0.34355,0.1075,0.16601,0.16773,0.16765,0.12899,0.11847,0.21524,0.17901,0.24594,0.21316,0.23056,0.31897,0.53198,0.53077,0.5431,0.52846,0.50573,0.51752,0.20137219150288413,0.18015275776612474,0.19798651593707386,0.1878490487760881,0.19256511696696382,0.18719360188148926
1.157329133,0.08941,0.20661,0.10515,0.09023,0.09206,0.09308,0.17807,0.19337,0.17848,0.16608,0.15289,0.19087,0.117,0.23305,0.15959,0.18406,0.21103,0.23569,0.44172,0.4007,0.33476,0.28616,0.40833,0.3237,0.06382,0.10551,0.13776,0.1241,0.09972,0.08427,0.18414,0.1758,0.21657,0.17096,0.19897,0.23172,0.52983,0.52399,0.52261,0.51992,0.51404,0.51821,0.19696953460440253,0.17957063114030392,0.1941385762755762,0.18075379106839612,0.1949378529499999,0.18116172107541917
1.142862286,0.1215,0.17272,0.12306,0.077,0.11044,0.07736,0.1809,0.14123,0.20036,0.12508,0.15954,0.17685,0.13861,0.19841,0.14899,0.16951,0.18561,0.20009,0.38375,0.3515,0.3314,0.25847,0.41627,0.31068,0.05499,0.04874,0.12362,0.07105,0.08897,0.0491,0.17492,0.16373,0.18322,0.15954,0.15749,0.18173,0.51301,0.52034,0.52857,0.51727,0.525,0.52754,0.19449919814200314,0.1779971308040902,0.17808710997850022,0.18788556568127945,0.1843596457809124,0.18536726482464602
1.12839574,0.10574,0.1159,0.14027,0.0904,0.13578,0.08468,0.16206,0.12535,0.22391,0.10804,0.16103,0.17793,0.15309,0.17672,0.14439,0.16297,0.15606,0.16504,0.31867,0.30963,0.31015,0.26101,0.41478,0.29006,0.06138,0.03423,0.13394,0.04805,0.09171,0.04995,0.15537,0.14148,0.17129,0.14271,0.12557,0.14076,0.50304,0.49508,0.49724,0.51795,0.47269,0.50009,0.18572485924908225,0.17144805583324585,0.18025397308337698,0.17300566343051912,0.1669448670508652,0.17280849069113793
1.113929193,0.06101,0.09073,0.12079,0.09815,0.14013,0.10461,0.11911,0.16463,0.20865,0.11399,0.14895,0.17145,0.15977,0.17254,0.16101,0.14952,0.16373,0.14401,0.26428,0.29408,0.29228,0.28722,0.38819,0.26255,0.05061,0.07684,0.13478,0.05051,0.091,0.07926,0.11141,0.12124,0.15844,0.12065,0.11075,0.07918,0.50956,0.49086,0.52194,0.48039,0.49986,0.47472,0.17520299610094378,0.17486068982595696,0.17510104931929701,0.18418748140660712,0.173922238562821,0.16546446979155724
1.099462646,0.04704,0.10032,0.10466,0.095,0.14158,0.13422,0.10563,0.17169,0.16224,0.13246,0.14764,0.15789,0.1648,0.16522,0.18729,0.14407,0.20052,0.14392,0.22882,0.29826,0.31522,0.29743,0.33457,0.27526,0.04174,0.11986,0.10495,0.05283,0.08433,0.10546,0.07405,0.10259,0.12091,0.11211,0.10951,0.04221,0.49455,0.47995,0.50927,0.49217,0.47197,0.48897,0.17186265481719978,0.15934038290739383,0.17162897527519647,0.16661798069847927,0.17261670859685366,0.16349164472364974
1.0849961,0.04487,0.10074,0.1134,0.10021,0.14924,0.17023,0.12918,0.13794,0.12351,0.1448,0.14762,0.15151,0.14308,0.14812,0.19161,0.16153,0.2305,0.16242,0.22945,0.3209,0.35334,0.2743,0.27708,0.31938,0.03634,0.12347,0.07004,0.05406,0.06979,0.11676,0.04463,0.0921,0.08982,0.10783,0.12154,0.05764,0.48875,0.48992,0.48314,0.47557,0.46626,0.46847,0.17148451595700048,0.16151700071316208,0.1680561534819087,0.15886080425799684,0.17195814097535397,0.17213869581541685
1.070529253,0.02567,0.08799,0.14435,0.12228,0.1356,0.18927,0.15778,0.12698,0.10966,0.13947,0.13391,0.15103,0.11168,0.14455,0.17536,0.18535,0.23989,0.18294,0.25332,0.3268,0.37137,0.23626,0.24961,0.33713,0.02313,0.12056,0.059,0.05817,0.05541,0.10622,0.02636,0.09062,0.07934,0.08429,0.12181,0.09888,0.45144,0.45903,0.45389,0.47013,0.4693,0.47322,0.1657887796861038,0.14421294668531706,0.15970776137687465,0.1588816204755637,0.15493476966229666,0.1618007781433141
1.056062706,0.00358,0.10116,0.17074,0.12876,0.09452,0.1869,0.11472,0.15346,0.13142,0.14186,0.12192,0.15195,0.09158,0.17442,0.17623,0.17614,0.20765,0.17558,0.22289,0.26705,0.3705,0.23599,0.25731,0.31484,0.0101,0.13575,0.07598,0.06004,0.06279,0.08102,0.00557,0.08881,0.08295,0.04869,0.08799,0.12484,0.45679,0.4592,0.45002,0.45896,0.47485,0.4397,0.1464895992216046,0.17040852545778673,0.16057751227708453,0.16409706165894072,0.15832836832123756,0.15469534513864705
1.04159616,0.01579,0.11317,0.14533,0.10029,0.05727,0.17158,0.04211,0.18635,0.17401,0.17763,0.12751,0.15549,0.09194,0.21686,0.2017,0.14071,0.15695,0.14283,0.15197,0.22601,0.35776,0.27161,0.26758,0.29235,-0.00377,0.1469,0.08981,0.07147,0.07939,0.06926,-0.0335,0.07757,0.09033,0.02785,0.05315,0.12125,0.44449,0.45079,0.45144,0.44463,0.43188,0.4606,0.15945363257861644,0.13969620312788295,0.16394054381551348,0.1510457809643607,0.1492165410062893,0.15592000836058711
1.027129613,0.06684,0.08523,0.08851,0.06797,0.03625,0.13385,0.04759,0.19461,0.16949,0.19643,0.1251,0.15176,0.13974,0.20271,0.18738,0.12268,0.14313,0.14049,0.14154,0.21798,0.32126,0.26764,0.26663,0.26418,-0.02135,0.12629,0.05859,0.08303,0.05361,0.0665,-0.05906,0.06504,0.0728,0.01517,0.04584,0.11576,0.45734,0.43723,0.44174,0.4363,0.44385,0.4418,0.15389804849533298,0.15287227834777126,0.15376045298159421,0.14154215531651806,0.14417328676182498,0.13620766017267952
1.012663066,0.09592,0.06165,0.05859,0.04476,0.03985,0.10256,0.09918,0.17566,0.09883,0.16898,0.12045,0.12874,0.19106,0.15377,0.10801,0.12187,0.16103,0.19018,0.20182,0.21463,0.28499,0.22188,0.28152,0.22275,-0.00349,0.09124,0.01665,0.07083,0.01064,0.04809,-0.03695,0.07856,0.02221,0.01405,0.06161,0.11852,0.42716,0.44049,0.41859,0.43456,0.41599,0.42711,0.1414454233611956,0.13440357074808604,0.1421627055572103,0.13463048823618248,0.14196168954462504,0.13647607884132149
